2025-03-14 21:58:23: Persisted queries are enabled and are using an unbounded cache. Your server is vulnerable to denial of service attacks via memory exhaustion. Set `cache: "bounded"` or `persistedQueries: false` in your ApolloServer constructor, or see https://go.apollo.dev/s/cache-backends for other alternatives.
2025-03-14 22:06:47: Persisted queries are enabled and are using an unbounded cache. Your server is vulnerable to denial of service attacks via memory exhaustion. Set `cache: "bounded"` or `persistedQueries: false` in your ApolloServer constructor, or see https://go.apollo.dev/s/cache-backends for other alternatives.
2025-03-14 22:07:17: ❌ MongoDB connection error: MongooseServerSelectionError: connect ECONNREFUSED 127.0.0.1:27017
2025-03-14 22:07:17:     at _handleConnectionErrors (/home/ubuntu/Sandeep/projects/NFTGen/api/node_modules/mongoose/lib/connection.js:1165:11)
2025-03-14 22:07:17:     at NativeConnection.openUri (/home/ubuntu/Sandeep/projects/NFTGen/api/node_modules/mongoose/lib/connection.js:1096:11) {
2025-03-14 22:07:17:   errorLabelSet: Set(0) {},
2025-03-14 22:07:17:   reason: TopologyDescription {
2025-03-14 22:07:17:     type: 'Unknown',
2025-03-14 22:07:17:     servers: Map(1) { 'localhost:27017' => [ServerDescription] },
2025-03-14 22:07:17:     stale: false,
2025-03-14 22:07:17:     compatible: true,
2025-03-14 22:07:17:     heartbeatFrequencyMS: 10000,
2025-03-14 22:07:17:     localThresholdMS: 15,
2025-03-14 22:07:17:     setName: null,
2025-03-14 22:07:17:     maxElectionId: null,
2025-03-14 22:07:17:     maxSetVersion: null,
2025-03-14 22:07:17:     commonWireVersion: 0,
2025-03-14 22:07:17:     logicalSessionTimeoutMinutes: null
2025-03-14 22:07:17:   },
2025-03-14 22:07:17:   code: undefined
2025-03-14 22:07:17: }
2025-03-14 22:07:18: Persisted queries are enabled and are using an unbounded cache. Your server is vulnerable to denial of service attacks via memory exhaustion. Set `cache: "bounded"` or `persistedQueries: false` in your ApolloServer constructor, or see https://go.apollo.dev/s/cache-backends for other alternatives.
2025-03-14 22:07:48: ❌ MongoDB connection error: MongooseServerSelectionError: connect ECONNREFUSED 127.0.0.1:27017
2025-03-14 22:07:48:     at _handleConnectionErrors (/home/ubuntu/Sandeep/projects/NFTGen/api/node_modules/mongoose/lib/connection.js:1165:11)
2025-03-14 22:07:48:     at NativeConnection.openUri (/home/ubuntu/Sandeep/projects/NFTGen/api/node_modules/mongoose/lib/connection.js:1096:11) {
2025-03-14 22:07:48:   errorLabelSet: Set(0) {},
2025-03-14 22:07:48:   reason: TopologyDescription {
2025-03-14 22:07:48:     type: 'Unknown',
2025-03-14 22:07:48:     servers: Map(1) { 'localhost:27017' => [ServerDescription] },
2025-03-14 22:07:48:     stale: false,
2025-03-14 22:07:48:     compatible: true,
2025-03-14 22:07:48:     heartbeatFrequencyMS: 10000,
2025-03-14 22:07:48:     localThresholdMS: 15,
2025-03-14 22:07:48:     setName: null,
2025-03-14 22:07:48:     maxElectionId: null,
2025-03-14 22:07:48:     maxSetVersion: null,
2025-03-14 22:07:48:     commonWireVersion: 0,
2025-03-14 22:07:48:     logicalSessionTimeoutMinutes: null
2025-03-14 22:07:48:   },
2025-03-14 22:07:48:   code: undefined
2025-03-14 22:07:48: }
2025-03-14 22:07:48: Persisted queries are enabled and are using an unbounded cache. Your server is vulnerable to denial of service attacks via memory exhaustion. Set `cache: "bounded"` or `persistedQueries: false` in your ApolloServer constructor, or see https://go.apollo.dev/s/cache-backends for other alternatives.
2025-03-14 22:08:19: ❌ MongoDB connection error: MongooseServerSelectionError: connect ECONNREFUSED 127.0.0.1:27017
2025-03-14 22:08:19:     at _handleConnectionErrors (/home/ubuntu/Sandeep/projects/NFTGen/api/node_modules/mongoose/lib/connection.js:1165:11)
2025-03-14 22:08:19:     at NativeConnection.openUri (/home/ubuntu/Sandeep/projects/NFTGen/api/node_modules/mongoose/lib/connection.js:1096:11) {
2025-03-14 22:08:19:   errorLabelSet: Set(0) {},
2025-03-14 22:08:19:   reason: TopologyDescription {
2025-03-14 22:08:19:     type: 'Unknown',
2025-03-14 22:08:19:     servers: Map(1) { 'localhost:27017' => [ServerDescription] },
2025-03-14 22:08:19:     stale: false,
2025-03-14 22:08:19:     compatible: true,
2025-03-14 22:08:19:     heartbeatFrequencyMS: 10000,
2025-03-14 22:08:19:     localThresholdMS: 15,
2025-03-14 22:08:19:     setName: null,
2025-03-14 22:08:19:     maxElectionId: null,
2025-03-14 22:08:19:     maxSetVersion: null,
2025-03-14 22:08:19:     commonWireVersion: 0,
2025-03-14 22:08:19:     logicalSessionTimeoutMinutes: null
2025-03-14 22:08:19:   },
2025-03-14 22:08:19:   code: undefined
2025-03-14 22:08:19: }
2025-03-14 22:08:19: Persisted queries are enabled and are using an unbounded cache. Your server is vulnerable to denial of service attacks via memory exhaustion. Set `cache: "bounded"` or `persistedQueries: false` in your ApolloServer constructor, or see https://go.apollo.dev/s/cache-backends for other alternatives.
2025-03-14 22:08:49: ❌ MongoDB connection error: MongooseServerSelectionError: connect ECONNREFUSED 127.0.0.1:27017
2025-03-14 22:08:49:     at _handleConnectionErrors (/home/ubuntu/Sandeep/projects/NFTGen/api/node_modules/mongoose/lib/connection.js:1165:11)
2025-03-14 22:08:49:     at NativeConnection.openUri (/home/ubuntu/Sandeep/projects/NFTGen/api/node_modules/mongoose/lib/connection.js:1096:11) {
2025-03-14 22:08:49:   errorLabelSet: Set(0) {},
2025-03-14 22:08:49:   reason: TopologyDescription {
2025-03-14 22:08:49:     type: 'Unknown',
2025-03-14 22:08:49:     servers: Map(1) { 'localhost:27017' => [ServerDescription] },
2025-03-14 22:08:49:     stale: false,
2025-03-14 22:08:49:     compatible: true,
2025-03-14 22:08:49:     heartbeatFrequencyMS: 10000,
2025-03-14 22:08:49:     localThresholdMS: 15,
2025-03-14 22:08:49:     setName: null,
2025-03-14 22:08:49:     maxElectionId: null,
2025-03-14 22:08:49:     maxSetVersion: null,
2025-03-14 22:08:49:     commonWireVersion: 0,
2025-03-14 22:08:49:     logicalSessionTimeoutMinutes: null
2025-03-14 22:08:49:   },
2025-03-14 22:08:49:   code: undefined
2025-03-14 22:08:49: }
2025-03-14 22:08:50: Persisted queries are enabled and are using an unbounded cache. Your server is vulnerable to denial of service attacks via memory exhaustion. Set `cache: "bounded"` or `persistedQueries: false` in your ApolloServer constructor, or see https://go.apollo.dev/s/cache-backends for other alternatives.
2025-03-14 22:09:20: ❌ MongoDB connection error: MongooseServerSelectionError: connect ECONNREFUSED 127.0.0.1:27017
2025-03-14 22:09:20:     at _handleConnectionErrors (/home/ubuntu/Sandeep/projects/NFTGen/api/node_modules/mongoose/lib/connection.js:1165:11)
2025-03-14 22:09:20:     at NativeConnection.openUri (/home/ubuntu/Sandeep/projects/NFTGen/api/node_modules/mongoose/lib/connection.js:1096:11) {
2025-03-14 22:09:20:   errorLabelSet: Set(0) {},
2025-03-14 22:09:20:   reason: TopologyDescription {
2025-03-14 22:09:20:     type: 'Unknown',
2025-03-14 22:09:20:     servers: Map(1) { 'localhost:27017' => [ServerDescription] },
2025-03-14 22:09:20:     stale: false,
2025-03-14 22:09:20:     compatible: true,
2025-03-14 22:09:20:     heartbeatFrequencyMS: 10000,
2025-03-14 22:09:20:     localThresholdMS: 15,
2025-03-14 22:09:20:     setName: null,
2025-03-14 22:09:20:     maxElectionId: null,
2025-03-14 22:09:20:     maxSetVersion: null,
2025-03-14 22:09:20:     commonWireVersion: 0,
2025-03-14 22:09:20:     logicalSessionTimeoutMinutes: null
2025-03-14 22:09:20:   },
2025-03-14 22:09:20:   code: undefined
2025-03-14 22:09:20: }
2025-03-14 22:09:21: Persisted queries are enabled and are using an unbounded cache. Your server is vulnerable to denial of service attacks via memory exhaustion. Set `cache: "bounded"` or `persistedQueries: false` in your ApolloServer constructor, or see https://go.apollo.dev/s/cache-backends for other alternatives.
2025-03-14 22:09:51: ❌ MongoDB connection error: MongooseServerSelectionError: connect ECONNREFUSED 127.0.0.1:27017
2025-03-14 22:09:51:     at _handleConnectionErrors (/home/ubuntu/Sandeep/projects/NFTGen/api/node_modules/mongoose/lib/connection.js:1165:11)
2025-03-14 22:09:51:     at NativeConnection.openUri (/home/ubuntu/Sandeep/projects/NFTGen/api/node_modules/mongoose/lib/connection.js:1096:11) {
2025-03-14 22:09:51:   errorLabelSet: Set(0) {},
2025-03-14 22:09:51:   reason: TopologyDescription {
2025-03-14 22:09:51:     type: 'Unknown',
2025-03-14 22:09:51:     servers: Map(1) { 'localhost:27017' => [ServerDescription] },
2025-03-14 22:09:51:     stale: false,
2025-03-14 22:09:51:     compatible: true,
2025-03-14 22:09:51:     heartbeatFrequencyMS: 10000,
2025-03-14 22:09:51:     localThresholdMS: 15,
2025-03-14 22:09:51:     setName: null,
2025-03-14 22:09:51:     maxElectionId: null,
2025-03-14 22:09:51:     maxSetVersion: null,
2025-03-14 22:09:51:     commonWireVersion: 0,
2025-03-14 22:09:51:     logicalSessionTimeoutMinutes: null
2025-03-14 22:09:51:   },
2025-03-14 22:09:51:   code: undefined
2025-03-14 22:09:51: }
2025-03-14 22:09:52: Persisted queries are enabled and are using an unbounded cache. Your server is vulnerable to denial of service attacks via memory exhaustion. Set `cache: "bounded"` or `persistedQueries: false` in your ApolloServer constructor, or see https://go.apollo.dev/s/cache-backends for other alternatives.
2025-03-14 22:10:22: ❌ MongoDB connection error: MongooseServerSelectionError: connect ECONNREFUSED 127.0.0.1:27017
2025-03-14 22:10:22:     at _handleConnectionErrors (/home/ubuntu/Sandeep/projects/NFTGen/api/node_modules/mongoose/lib/connection.js:1165:11)
2025-03-14 22:10:22:     at NativeConnection.openUri (/home/ubuntu/Sandeep/projects/NFTGen/api/node_modules/mongoose/lib/connection.js:1096:11) {
2025-03-14 22:10:22:   errorLabelSet: Set(0) {},
2025-03-14 22:10:22:   reason: TopologyDescription {
2025-03-14 22:10:22:     type: 'Unknown',
2025-03-14 22:10:22:     servers: Map(1) { 'localhost:27017' => [ServerDescription] },
2025-03-14 22:10:22:     stale: false,
2025-03-14 22:10:22:     compatible: true,
2025-03-14 22:10:22:     heartbeatFrequencyMS: 10000,
2025-03-14 22:10:22:     localThresholdMS: 15,
2025-03-14 22:10:22:     setName: null,
2025-03-14 22:10:22:     maxElectionId: null,
2025-03-14 22:10:22:     maxSetVersion: null,
2025-03-14 22:10:22:     commonWireVersion: 0,
2025-03-14 22:10:22:     logicalSessionTimeoutMinutes: null
2025-03-14 22:10:22:   },
2025-03-14 22:10:22:   code: undefined
2025-03-14 22:10:22: }
2025-03-14 22:10:23: Persisted queries are enabled and are using an unbounded cache. Your server is vulnerable to denial of service attacks via memory exhaustion. Set `cache: "bounded"` or `persistedQueries: false` in your ApolloServer constructor, or see https://go.apollo.dev/s/cache-backends for other alternatives.
2025-03-14 22:10:53: ❌ MongoDB connection error: MongooseServerSelectionError: connect ECONNREFUSED 127.0.0.1:27017
2025-03-14 22:10:53:     at _handleConnectionErrors (/home/ubuntu/Sandeep/projects/NFTGen/api/node_modules/mongoose/lib/connection.js:1165:11)
2025-03-14 22:10:53:     at NativeConnection.openUri (/home/ubuntu/Sandeep/projects/NFTGen/api/node_modules/mongoose/lib/connection.js:1096:11) {
2025-03-14 22:10:53:   errorLabelSet: Set(0) {},
2025-03-14 22:10:53:   reason: TopologyDescription {
2025-03-14 22:10:53:     type: 'Unknown',
2025-03-14 22:10:53:     servers: Map(1) { 'localhost:27017' => [ServerDescription] },
2025-03-14 22:10:53:     stale: false,
2025-03-14 22:10:53:     compatible: true,
2025-03-14 22:10:53:     heartbeatFrequencyMS: 10000,
2025-03-14 22:10:53:     localThresholdMS: 15,
2025-03-14 22:10:53:     setName: null,
2025-03-14 22:10:53:     maxElectionId: null,
2025-03-14 22:10:53:     maxSetVersion: null,
2025-03-14 22:10:53:     commonWireVersion: 0,
2025-03-14 22:10:53:     logicalSessionTimeoutMinutes: null
2025-03-14 22:10:53:   },
2025-03-14 22:10:53:   code: undefined
2025-03-14 22:10:53: }
2025-03-14 22:10:54: Persisted queries are enabled and are using an unbounded cache. Your server is vulnerable to denial of service attacks via memory exhaustion. Set `cache: "bounded"` or `persistedQueries: false` in your ApolloServer constructor, or see https://go.apollo.dev/s/cache-backends for other alternatives.
2025-03-14 22:11:24: ❌ MongoDB connection error: MongooseServerSelectionError: connect ECONNREFUSED 127.0.0.1:27017
2025-03-14 22:11:24:     at _handleConnectionErrors (/home/ubuntu/Sandeep/projects/NFTGen/api/node_modules/mongoose/lib/connection.js:1165:11)
2025-03-14 22:11:24:     at NativeConnection.openUri (/home/ubuntu/Sandeep/projects/NFTGen/api/node_modules/mongoose/lib/connection.js:1096:11) {
2025-03-14 22:11:24:   errorLabelSet: Set(0) {},
2025-03-14 22:11:24:   reason: TopologyDescription {
2025-03-14 22:11:24:     type: 'Unknown',
2025-03-14 22:11:24:     servers: Map(1) { 'localhost:27017' => [ServerDescription] },
2025-03-14 22:11:24:     stale: false,
2025-03-14 22:11:24:     compatible: true,
2025-03-14 22:11:24:     heartbeatFrequencyMS: 10000,
2025-03-14 22:11:24:     localThresholdMS: 15,
2025-03-14 22:11:24:     setName: null,
2025-03-14 22:11:24:     maxElectionId: null,
2025-03-14 22:11:24:     maxSetVersion: null,
2025-03-14 22:11:24:     commonWireVersion: 0,
2025-03-14 22:11:24:     logicalSessionTimeoutMinutes: null
2025-03-14 22:11:24:   },
2025-03-14 22:11:24:   code: undefined
2025-03-14 22:11:24: }
2025-03-14 22:11:24: Persisted queries are enabled and are using an unbounded cache. Your server is vulnerable to denial of service attacks via memory exhaustion. Set `cache: "bounded"` or `persistedQueries: false` in your ApolloServer constructor, or see https://go.apollo.dev/s/cache-backends for other alternatives.
2025-03-14 22:11:54: ❌ MongoDB connection error: MongooseServerSelectionError: connect ECONNREFUSED 127.0.0.1:27017
2025-03-14 22:11:54:     at _handleConnectionErrors (/home/ubuntu/Sandeep/projects/NFTGen/api/node_modules/mongoose/lib/connection.js:1165:11)
2025-03-14 22:11:54:     at NativeConnection.openUri (/home/ubuntu/Sandeep/projects/NFTGen/api/node_modules/mongoose/lib/connection.js:1096:11) {
2025-03-14 22:11:54:   errorLabelSet: Set(0) {},
2025-03-14 22:11:54:   reason: TopologyDescription {
2025-03-14 22:11:54:     type: 'Unknown',
2025-03-14 22:11:54:     servers: Map(1) { 'localhost:27017' => [ServerDescription] },
2025-03-14 22:11:54:     stale: false,
2025-03-14 22:11:54:     compatible: true,
2025-03-14 22:11:54:     heartbeatFrequencyMS: 10000,
2025-03-14 22:11:54:     localThresholdMS: 15,
2025-03-14 22:11:54:     setName: null,
2025-03-14 22:11:54:     maxElectionId: null,
2025-03-14 22:11:54:     maxSetVersion: null,
2025-03-14 22:11:54:     commonWireVersion: 0,
2025-03-14 22:11:54:     logicalSessionTimeoutMinutes: null
2025-03-14 22:11:54:   },
2025-03-14 22:11:54:   code: undefined
2025-03-14 22:11:54: }
2025-03-14 22:11:55: Persisted queries are enabled and are using an unbounded cache. Your server is vulnerable to denial of service attacks via memory exhaustion. Set `cache: "bounded"` or `persistedQueries: false` in your ApolloServer constructor, or see https://go.apollo.dev/s/cache-backends for other alternatives.
2025-03-14 22:12:25: ❌ MongoDB connection error: MongooseServerSelectionError: connect ECONNREFUSED 127.0.0.1:27017
2025-03-14 22:12:25:     at _handleConnectionErrors (/home/ubuntu/Sandeep/projects/NFTGen/api/node_modules/mongoose/lib/connection.js:1165:11)
2025-03-14 22:12:25:     at NativeConnection.openUri (/home/ubuntu/Sandeep/projects/NFTGen/api/node_modules/mongoose/lib/connection.js:1096:11) {
2025-03-14 22:12:25:   errorLabelSet: Set(0) {},
2025-03-14 22:12:25:   reason: TopologyDescription {
2025-03-14 22:12:25:     type: 'Unknown',
2025-03-14 22:12:25:     servers: Map(1) { 'localhost:27017' => [ServerDescription] },
2025-03-14 22:12:25:     stale: false,
2025-03-14 22:12:25:     compatible: true,
2025-03-14 22:12:25:     heartbeatFrequencyMS: 10000,
2025-03-14 22:12:25:     localThresholdMS: 15,
2025-03-14 22:12:25:     setName: null,
2025-03-14 22:12:25:     maxElectionId: null,
2025-03-14 22:12:25:     maxSetVersion: null,
2025-03-14 22:12:25:     commonWireVersion: 0,
2025-03-14 22:12:25:     logicalSessionTimeoutMinutes: null
2025-03-14 22:12:25:   },
2025-03-14 22:12:25:   code: undefined
2025-03-14 22:12:25: }
2025-03-14 22:12:26: Persisted queries are enabled and are using an unbounded cache. Your server is vulnerable to denial of service attacks via memory exhaustion. Set `cache: "bounded"` or `persistedQueries: false` in your ApolloServer constructor, or see https://go.apollo.dev/s/cache-backends for other alternatives.
2025-03-14 22:12:56: ❌ MongoDB connection error: MongooseServerSelectionError: connect ECONNREFUSED 127.0.0.1:27017
2025-03-14 22:12:56:     at _handleConnectionErrors (/home/ubuntu/Sandeep/projects/NFTGen/api/node_modules/mongoose/lib/connection.js:1165:11)
2025-03-14 22:12:56:     at NativeConnection.openUri (/home/ubuntu/Sandeep/projects/NFTGen/api/node_modules/mongoose/lib/connection.js:1096:11) {
2025-03-14 22:12:56:   errorLabelSet: Set(0) {},
2025-03-14 22:12:56:   reason: TopologyDescription {
2025-03-14 22:12:56:     type: 'Unknown',
2025-03-14 22:12:56:     servers: Map(1) { 'localhost:27017' => [ServerDescription] },
2025-03-14 22:12:56:     stale: false,
2025-03-14 22:12:56:     compatible: true,
2025-03-14 22:12:56:     heartbeatFrequencyMS: 10000,
2025-03-14 22:12:56:     localThresholdMS: 15,
2025-03-14 22:12:56:     setName: null,
2025-03-14 22:12:56:     maxElectionId: null,
2025-03-14 22:12:56:     maxSetVersion: null,
2025-03-14 22:12:56:     commonWireVersion: 0,
2025-03-14 22:12:56:     logicalSessionTimeoutMinutes: null
2025-03-14 22:12:56:   },
2025-03-14 22:12:56:   code: undefined
2025-03-14 22:12:56: }
2025-03-14 22:12:57: Persisted queries are enabled and are using an unbounded cache. Your server is vulnerable to denial of service attacks via memory exhaustion. Set `cache: "bounded"` or `persistedQueries: false` in your ApolloServer constructor, or see https://go.apollo.dev/s/cache-backends for other alternatives.
2025-03-14 22:13:27: ❌ MongoDB connection error: MongooseServerSelectionError: connect ECONNREFUSED 127.0.0.1:27017
2025-03-14 22:13:27:     at _handleConnectionErrors (/home/ubuntu/Sandeep/projects/NFTGen/api/node_modules/mongoose/lib/connection.js:1165:11)
2025-03-14 22:13:27:     at NativeConnection.openUri (/home/ubuntu/Sandeep/projects/NFTGen/api/node_modules/mongoose/lib/connection.js:1096:11) {
2025-03-14 22:13:27:   errorLabelSet: Set(0) {},
2025-03-14 22:13:27:   reason: TopologyDescription {
2025-03-14 22:13:27:     type: 'Unknown',
2025-03-14 22:13:27:     servers: Map(1) { 'localhost:27017' => [ServerDescription] },
2025-03-14 22:13:27:     stale: false,
2025-03-14 22:13:27:     compatible: true,
2025-03-14 22:13:27:     heartbeatFrequencyMS: 10000,
2025-03-14 22:13:27:     localThresholdMS: 15,
2025-03-14 22:13:27:     setName: null,
2025-03-14 22:13:27:     maxElectionId: null,
2025-03-14 22:13:27:     maxSetVersion: null,
2025-03-14 22:13:27:     commonWireVersion: 0,
2025-03-14 22:13:27:     logicalSessionTimeoutMinutes: null
2025-03-14 22:13:27:   },
2025-03-14 22:13:27:   code: undefined
2025-03-14 22:13:27: }
2025-03-14 22:13:28: Persisted queries are enabled and are using an unbounded cache. Your server is vulnerable to denial of service attacks via memory exhaustion. Set `cache: "bounded"` or `persistedQueries: false` in your ApolloServer constructor, or see https://go.apollo.dev/s/cache-backends for other alternatives.
2025-03-14 22:13:58: ❌ MongoDB connection error: MongooseServerSelectionError: connect ECONNREFUSED 127.0.0.1:27017
2025-03-14 22:13:58:     at _handleConnectionErrors (/home/ubuntu/Sandeep/projects/NFTGen/api/node_modules/mongoose/lib/connection.js:1165:11)
2025-03-14 22:13:58:     at NativeConnection.openUri (/home/ubuntu/Sandeep/projects/NFTGen/api/node_modules/mongoose/lib/connection.js:1096:11) {
2025-03-14 22:13:58:   errorLabelSet: Set(0) {},
2025-03-14 22:13:58:   reason: TopologyDescription {
2025-03-14 22:13:58:     type: 'Unknown',
2025-03-14 22:13:58:     servers: Map(1) { 'localhost:27017' => [ServerDescription] },
2025-03-14 22:13:58:     stale: false,
2025-03-14 22:13:58:     compatible: true,
2025-03-14 22:13:58:     heartbeatFrequencyMS: 10000,
2025-03-14 22:13:58:     localThresholdMS: 15,
2025-03-14 22:13:58:     setName: null,
2025-03-14 22:13:58:     maxElectionId: null,
2025-03-14 22:13:58:     maxSetVersion: null,
2025-03-14 22:13:58:     commonWireVersion: 0,
2025-03-14 22:13:58:     logicalSessionTimeoutMinutes: null
2025-03-14 22:13:58:   },
2025-03-14 22:13:58:   code: undefined
2025-03-14 22:13:58: }
2025-03-14 22:13:58: Persisted queries are enabled and are using an unbounded cache. Your server is vulnerable to denial of service attacks via memory exhaustion. Set `cache: "bounded"` or `persistedQueries: false` in your ApolloServer constructor, or see https://go.apollo.dev/s/cache-backends for other alternatives.
2025-03-14 22:14:28: ❌ MongoDB connection error: MongooseServerSelectionError: connect ECONNREFUSED 127.0.0.1:27017
2025-03-14 22:14:28:     at _handleConnectionErrors (/home/ubuntu/Sandeep/projects/NFTGen/api/node_modules/mongoose/lib/connection.js:1165:11)
2025-03-14 22:14:28:     at NativeConnection.openUri (/home/ubuntu/Sandeep/projects/NFTGen/api/node_modules/mongoose/lib/connection.js:1096:11) {
2025-03-14 22:14:28:   errorLabelSet: Set(0) {},
2025-03-14 22:14:28:   reason: TopologyDescription {
2025-03-14 22:14:28:     type: 'Unknown',
2025-03-14 22:14:28:     servers: Map(1) { 'localhost:27017' => [ServerDescription] },
2025-03-14 22:14:28:     stale: false,
2025-03-14 22:14:28:     compatible: true,
2025-03-14 22:14:28:     heartbeatFrequencyMS: 10000,
2025-03-14 22:14:28:     localThresholdMS: 15,
2025-03-14 22:14:28:     setName: null,
2025-03-14 22:14:28:     maxElectionId: null,
2025-03-14 22:14:28:     maxSetVersion: null,
2025-03-14 22:14:28:     commonWireVersion: 0,
2025-03-14 22:14:28:     logicalSessionTimeoutMinutes: null
2025-03-14 22:14:28:   },
2025-03-14 22:14:28:   code: undefined
2025-03-14 22:14:28: }
2025-03-14 22:14:29: Persisted queries are enabled and are using an unbounded cache. Your server is vulnerable to denial of service attacks via memory exhaustion. Set `cache: "bounded"` or `persistedQueries: false` in your ApolloServer constructor, or see https://go.apollo.dev/s/cache-backends for other alternatives.
2025-03-14 22:14:48: Error fetching NFTs: MongooseError: Operation `nfts.find()` buffering timed out after 10000ms
2025-03-14 22:14:48:     at Timeout.<anonymous> (/home/ubuntu/Sandeep/projects/NFTGen/api/node_modules/mongoose/lib/drivers/node-mongodb-native/collection.js:187:23)
2025-03-14 22:14:48:     at listOnTimeout (node:internal/timers:581:17)
2025-03-14 22:14:48:     at process.processTimers (node:internal/timers:519:7)
2025-03-14 22:14:48: GraphQL Error: [GraphQLError: Failed to fetch NFTs] {
2025-03-14 22:14:48:   locations: [ { line: 2, column: 3 } ],
2025-03-14 22:14:48:   path: [ 'nfts' ],
2025-03-14 22:14:48:   extensions: { code: 'INTERNAL_SERVER_ERROR' }
2025-03-14 22:14:48: }
2025-03-14 22:14:59: ❌ MongoDB connection error: MongooseServerSelectionError: connect ECONNREFUSED 127.0.0.1:27017
2025-03-14 22:14:59:     at _handleConnectionErrors (/home/ubuntu/Sandeep/projects/NFTGen/api/node_modules/mongoose/lib/connection.js:1165:11)
2025-03-14 22:14:59:     at NativeConnection.openUri (/home/ubuntu/Sandeep/projects/NFTGen/api/node_modules/mongoose/lib/connection.js:1096:11) {
2025-03-14 22:14:59:   errorLabelSet: Set(0) {},
2025-03-14 22:14:59:   reason: TopologyDescription {
2025-03-14 22:14:59:     type: 'Unknown',
2025-03-14 22:14:59:     servers: Map(1) { 'localhost:27017' => [ServerDescription] },
2025-03-14 22:14:59:     stale: false,
2025-03-14 22:14:59:     compatible: true,
2025-03-14 22:14:59:     heartbeatFrequencyMS: 10000,
2025-03-14 22:14:59:     localThresholdMS: 15,
2025-03-14 22:14:59:     setName: null,
2025-03-14 22:14:59:     maxElectionId: null,
2025-03-14 22:14:59:     maxSetVersion: null,
2025-03-14 22:14:59:     commonWireVersion: 0,
2025-03-14 22:14:59:     logicalSessionTimeoutMinutes: null
2025-03-14 22:14:59:   },
2025-03-14 22:14:59:   code: undefined
2025-03-14 22:14:59: }
2025-03-14 22:15:00: Persisted queries are enabled and are using an unbounded cache. Your server is vulnerable to denial of service attacks via memory exhaustion. Set `cache: "bounded"` or `persistedQueries: false` in your ApolloServer constructor, or see https://go.apollo.dev/s/cache-backends for other alternatives.
2025-03-14 22:15:30: ❌ MongoDB connection error: MongooseServerSelectionError: connect ECONNREFUSED 127.0.0.1:27017
2025-03-14 22:15:30:     at _handleConnectionErrors (/home/ubuntu/Sandeep/projects/NFTGen/api/node_modules/mongoose/lib/connection.js:1165:11)
2025-03-14 22:15:30:     at NativeConnection.openUri (/home/ubuntu/Sandeep/projects/NFTGen/api/node_modules/mongoose/lib/connection.js:1096:11) {
2025-03-14 22:15:30:   errorLabelSet: Set(0) {},
2025-03-14 22:15:30:   reason: TopologyDescription {
2025-03-14 22:15:30:     type: 'Unknown',
2025-03-14 22:15:30:     servers: Map(1) { 'localhost:27017' => [ServerDescription] },
2025-03-14 22:15:30:     stale: false,
2025-03-14 22:15:30:     compatible: true,
2025-03-14 22:15:30:     heartbeatFrequencyMS: 10000,
2025-03-14 22:15:30:     localThresholdMS: 15,
2025-03-14 22:15:30:     setName: null,
2025-03-14 22:15:30:     maxElectionId: null,
2025-03-14 22:15:30:     maxSetVersion: null,
2025-03-14 22:15:30:     commonWireVersion: 0,
2025-03-14 22:15:30:     logicalSessionTimeoutMinutes: null
2025-03-14 22:15:30:   },
2025-03-14 22:15:30:   code: undefined
2025-03-14 22:15:30: }
2025-03-14 22:15:31: Persisted queries are enabled and are using an unbounded cache. Your server is vulnerable to denial of service attacks via memory exhaustion. Set `cache: "bounded"` or `persistedQueries: false` in your ApolloServer constructor, or see https://go.apollo.dev/s/cache-backends for other alternatives.
2025-03-14 22:16:01: ❌ MongoDB connection error: MongooseServerSelectionError: connect ECONNREFUSED 127.0.0.1:27017
2025-03-14 22:16:01:     at _handleConnectionErrors (/home/ubuntu/Sandeep/projects/NFTGen/api/node_modules/mongoose/lib/connection.js:1165:11)
2025-03-14 22:16:01:     at NativeConnection.openUri (/home/ubuntu/Sandeep/projects/NFTGen/api/node_modules/mongoose/lib/connection.js:1096:11) {
2025-03-14 22:16:01:   errorLabelSet: Set(0) {},
2025-03-14 22:16:01:   reason: TopologyDescription {
2025-03-14 22:16:01:     type: 'Unknown',
2025-03-14 22:16:01:     servers: Map(1) { 'localhost:27017' => [ServerDescription] },
2025-03-14 22:16:01:     stale: false,
2025-03-14 22:16:01:     compatible: true,
2025-03-14 22:16:01:     heartbeatFrequencyMS: 10000,
2025-03-14 22:16:01:     localThresholdMS: 15,
2025-03-14 22:16:01:     setName: null,
2025-03-14 22:16:01:     maxElectionId: null,
2025-03-14 22:16:01:     maxSetVersion: null,
2025-03-14 22:16:01:     commonWireVersion: 0,
2025-03-14 22:16:01:     logicalSessionTimeoutMinutes: null
2025-03-14 22:16:01:   },
2025-03-14 22:16:01:   code: undefined
2025-03-14 22:16:01: }
2025-03-14 22:16:02: Persisted queries are enabled and are using an unbounded cache. Your server is vulnerable to denial of service attacks via memory exhaustion. Set `cache: "bounded"` or `persistedQueries: false` in your ApolloServer constructor, or see https://go.apollo.dev/s/cache-backends for other alternatives.
2025-03-14 22:16:32: ❌ MongoDB connection error: MongooseServerSelectionError: connect ECONNREFUSED 127.0.0.1:27017
2025-03-14 22:16:32:     at _handleConnectionErrors (/home/ubuntu/Sandeep/projects/NFTGen/api/node_modules/mongoose/lib/connection.js:1165:11)
2025-03-14 22:16:32:     at NativeConnection.openUri (/home/ubuntu/Sandeep/projects/NFTGen/api/node_modules/mongoose/lib/connection.js:1096:11) {
2025-03-14 22:16:32:   errorLabelSet: Set(0) {},
2025-03-14 22:16:32:   reason: TopologyDescription {
2025-03-14 22:16:32:     type: 'Unknown',
2025-03-14 22:16:32:     servers: Map(1) { 'localhost:27017' => [ServerDescription] },
2025-03-14 22:16:32:     stale: false,
2025-03-14 22:16:32:     compatible: true,
2025-03-14 22:16:32:     heartbeatFrequencyMS: 10000,
2025-03-14 22:16:32:     localThresholdMS: 15,
2025-03-14 22:16:32:     setName: null,
2025-03-14 22:16:32:     maxElectionId: null,
2025-03-14 22:16:32:     maxSetVersion: null,
2025-03-14 22:16:32:     commonWireVersion: 0,
2025-03-14 22:16:32:     logicalSessionTimeoutMinutes: null
2025-03-14 22:16:32:   },
2025-03-14 22:16:32:   code: undefined
2025-03-14 22:16:32: }
2025-03-14 22:16:33: Persisted queries are enabled and are using an unbounded cache. Your server is vulnerable to denial of service attacks via memory exhaustion. Set `cache: "bounded"` or `persistedQueries: false` in your ApolloServer constructor, or see https://go.apollo.dev/s/cache-backends for other alternatives.
2025-03-14 22:17:03: ❌ MongoDB connection error: MongooseServerSelectionError: connect ECONNREFUSED 127.0.0.1:27017
2025-03-14 22:17:03:     at _handleConnectionErrors (/home/ubuntu/Sandeep/projects/NFTGen/api/node_modules/mongoose/lib/connection.js:1165:11)
2025-03-14 22:17:03:     at NativeConnection.openUri (/home/ubuntu/Sandeep/projects/NFTGen/api/node_modules/mongoose/lib/connection.js:1096:11) {
2025-03-14 22:17:03:   errorLabelSet: Set(0) {},
2025-03-14 22:17:03:   reason: TopologyDescription {
2025-03-14 22:17:03:     type: 'Unknown',
2025-03-14 22:17:03:     servers: Map(1) { 'localhost:27017' => [ServerDescription] },
2025-03-14 22:17:03:     stale: false,
2025-03-14 22:17:03:     compatible: true,
2025-03-14 22:17:03:     heartbeatFrequencyMS: 10000,
2025-03-14 22:17:03:     localThresholdMS: 15,
2025-03-14 22:17:03:     setName: null,
2025-03-14 22:17:03:     maxElectionId: null,
2025-03-14 22:17:03:     maxSetVersion: null,
2025-03-14 22:17:03:     commonWireVersion: 0,
2025-03-14 22:17:03:     logicalSessionTimeoutMinutes: null
2025-03-14 22:17:03:   },
2025-03-14 22:17:03:   code: undefined
2025-03-14 22:17:03: }
2025-03-14 22:17:04: Persisted queries are enabled and are using an unbounded cache. Your server is vulnerable to denial of service attacks via memory exhaustion. Set `cache: "bounded"` or `persistedQueries: false` in your ApolloServer constructor, or see https://go.apollo.dev/s/cache-backends for other alternatives.
2025-03-14 22:17:34: ❌ MongoDB connection error: MongooseServerSelectionError: connect ECONNREFUSED 127.0.0.1:27017
2025-03-14 22:17:34:     at _handleConnectionErrors (/home/ubuntu/Sandeep/projects/NFTGen/api/node_modules/mongoose/lib/connection.js:1165:11)
2025-03-14 22:17:34:     at NativeConnection.openUri (/home/ubuntu/Sandeep/projects/NFTGen/api/node_modules/mongoose/lib/connection.js:1096:11) {
2025-03-14 22:17:34:   errorLabelSet: Set(0) {},
2025-03-14 22:17:34:   reason: TopologyDescription {
2025-03-14 22:17:34:     type: 'Unknown',
2025-03-14 22:17:34:     servers: Map(1) { 'localhost:27017' => [ServerDescription] },
2025-03-14 22:17:34:     stale: false,
2025-03-14 22:17:34:     compatible: true,
2025-03-14 22:17:34:     heartbeatFrequencyMS: 10000,
2025-03-14 22:17:34:     localThresholdMS: 15,
2025-03-14 22:17:34:     setName: null,
2025-03-14 22:17:34:     maxElectionId: null,
2025-03-14 22:17:34:     maxSetVersion: null,
2025-03-14 22:17:34:     commonWireVersion: 0,
2025-03-14 22:17:34:     logicalSessionTimeoutMinutes: null
2025-03-14 22:17:34:   },
2025-03-14 22:17:34:   code: undefined
2025-03-14 22:17:34: }
2025-03-14 22:17:35: Persisted queries are enabled and are using an unbounded cache. Your server is vulnerable to denial of service attacks via memory exhaustion. Set `cache: "bounded"` or `persistedQueries: false` in your ApolloServer constructor, or see https://go.apollo.dev/s/cache-backends for other alternatives.
2025-03-14 22:18:05: ❌ MongoDB connection error: MongooseServerSelectionError: connect ECONNREFUSED 127.0.0.1:27017
2025-03-14 22:18:05:     at _handleConnectionErrors (/home/ubuntu/Sandeep/projects/NFTGen/api/node_modules/mongoose/lib/connection.js:1165:11)
2025-03-14 22:18:05:     at NativeConnection.openUri (/home/ubuntu/Sandeep/projects/NFTGen/api/node_modules/mongoose/lib/connection.js:1096:11) {
2025-03-14 22:18:05:   errorLabelSet: Set(0) {},
2025-03-14 22:18:05:   reason: TopologyDescription {
2025-03-14 22:18:05:     type: 'Unknown',
2025-03-14 22:18:05:     servers: Map(1) { 'localhost:27017' => [ServerDescription] },
2025-03-14 22:18:05:     stale: false,
2025-03-14 22:18:05:     compatible: true,
2025-03-14 22:18:05:     heartbeatFrequencyMS: 10000,
2025-03-14 22:18:05:     localThresholdMS: 15,
2025-03-14 22:18:05:     setName: null,
2025-03-14 22:18:05:     maxElectionId: null,
2025-03-14 22:18:05:     maxSetVersion: null,
2025-03-14 22:18:05:     commonWireVersion: 0,
2025-03-14 22:18:05:     logicalSessionTimeoutMinutes: null
2025-03-14 22:18:05:   },
2025-03-14 22:18:05:   code: undefined
2025-03-14 22:18:05: }
2025-03-14 22:18:05: Persisted queries are enabled and are using an unbounded cache. Your server is vulnerable to denial of service attacks via memory exhaustion. Set `cache: "bounded"` or `persistedQueries: false` in your ApolloServer constructor, or see https://go.apollo.dev/s/cache-backends for other alternatives.
2025-03-14 22:18:35: ❌ MongoDB connection error: MongooseServerSelectionError: connect ECONNREFUSED 127.0.0.1:27017
2025-03-14 22:18:35:     at _handleConnectionErrors (/home/ubuntu/Sandeep/projects/NFTGen/api/node_modules/mongoose/lib/connection.js:1165:11)
2025-03-14 22:18:35:     at NativeConnection.openUri (/home/ubuntu/Sandeep/projects/NFTGen/api/node_modules/mongoose/lib/connection.js:1096:11) {
2025-03-14 22:18:35:   errorLabelSet: Set(0) {},
2025-03-14 22:18:35:   reason: TopologyDescription {
2025-03-14 22:18:35:     type: 'Unknown',
2025-03-14 22:18:35:     servers: Map(1) { 'localhost:27017' => [ServerDescription] },
2025-03-14 22:18:35:     stale: false,
2025-03-14 22:18:35:     compatible: true,
2025-03-14 22:18:35:     heartbeatFrequencyMS: 10000,
2025-03-14 22:18:35:     localThresholdMS: 15,
2025-03-14 22:18:35:     setName: null,
2025-03-14 22:18:35:     maxElectionId: null,
2025-03-14 22:18:35:     maxSetVersion: null,
2025-03-14 22:18:35:     commonWireVersion: 0,
2025-03-14 22:18:35:     logicalSessionTimeoutMinutes: null
2025-03-14 22:18:35:   },
2025-03-14 22:18:35:   code: undefined
2025-03-14 22:18:35: }
2025-03-14 22:18:36: Persisted queries are enabled and are using an unbounded cache. Your server is vulnerable to denial of service attacks via memory exhaustion. Set `cache: "bounded"` or `persistedQueries: false` in your ApolloServer constructor, or see https://go.apollo.dev/s/cache-backends for other alternatives.
2025-03-14 22:19:06: ❌ MongoDB connection error: MongooseServerSelectionError: connect ECONNREFUSED 127.0.0.1:27017
2025-03-14 22:19:06:     at _handleConnectionErrors (/home/ubuntu/Sandeep/projects/NFTGen/api/node_modules/mongoose/lib/connection.js:1165:11)
2025-03-14 22:19:06:     at NativeConnection.openUri (/home/ubuntu/Sandeep/projects/NFTGen/api/node_modules/mongoose/lib/connection.js:1096:11) {
2025-03-14 22:19:06:   errorLabelSet: Set(0) {},
2025-03-14 22:19:06:   reason: TopologyDescription {
2025-03-14 22:19:06:     type: 'Unknown',
2025-03-14 22:19:06:     servers: Map(1) { 'localhost:27017' => [ServerDescription] },
2025-03-14 22:19:06:     stale: false,
2025-03-14 22:19:06:     compatible: true,
2025-03-14 22:19:06:     heartbeatFrequencyMS: 10000,
2025-03-14 22:19:06:     localThresholdMS: 15,
2025-03-14 22:19:06:     setName: null,
2025-03-14 22:19:06:     maxElectionId: null,
2025-03-14 22:19:06:     maxSetVersion: null,
2025-03-14 22:19:06:     commonWireVersion: 0,
2025-03-14 22:19:06:     logicalSessionTimeoutMinutes: null
2025-03-14 22:19:06:   },
2025-03-14 22:19:06:   code: undefined
2025-03-14 22:19:06: }
2025-03-14 22:19:07: Persisted queries are enabled and are using an unbounded cache. Your server is vulnerable to denial of service attacks via memory exhaustion. Set `cache: "bounded"` or `persistedQueries: false` in your ApolloServer constructor, or see https://go.apollo.dev/s/cache-backends for other alternatives.
2025-03-14 22:19:37: ❌ MongoDB connection error: MongooseServerSelectionError: connect ECONNREFUSED 127.0.0.1:27017
2025-03-14 22:19:37:     at _handleConnectionErrors (/home/ubuntu/Sandeep/projects/NFTGen/api/node_modules/mongoose/lib/connection.js:1165:11)
2025-03-14 22:19:37:     at NativeConnection.openUri (/home/ubuntu/Sandeep/projects/NFTGen/api/node_modules/mongoose/lib/connection.js:1096:11) {
2025-03-14 22:19:37:   errorLabelSet: Set(0) {},
2025-03-14 22:19:37:   reason: TopologyDescription {
2025-03-14 22:19:37:     type: 'Unknown',
2025-03-14 22:19:37:     servers: Map(1) { 'localhost:27017' => [ServerDescription] },
2025-03-14 22:19:37:     stale: false,
2025-03-14 22:19:37:     compatible: true,
2025-03-14 22:19:37:     heartbeatFrequencyMS: 10000,
2025-03-14 22:19:37:     localThresholdMS: 15,
2025-03-14 22:19:37:     setName: null,
2025-03-14 22:19:37:     maxElectionId: null,
2025-03-14 22:19:37:     maxSetVersion: null,
2025-03-14 22:19:37:     commonWireVersion: 0,
2025-03-14 22:19:37:     logicalSessionTimeoutMinutes: null
2025-03-14 22:19:37:   },
2025-03-14 22:19:37:   code: undefined
2025-03-14 22:19:37: }
2025-03-14 22:19:38: Persisted queries are enabled and are using an unbounded cache. Your server is vulnerable to denial of service attacks via memory exhaustion. Set `cache: "bounded"` or `persistedQueries: false` in your ApolloServer constructor, or see https://go.apollo.dev/s/cache-backends for other alternatives.
2025-03-14 22:20:08: ❌ MongoDB connection error: MongooseServerSelectionError: connect ECONNREFUSED 127.0.0.1:27017
2025-03-14 22:20:08:     at _handleConnectionErrors (/home/ubuntu/Sandeep/projects/NFTGen/api/node_modules/mongoose/lib/connection.js:1165:11)
2025-03-14 22:20:08:     at NativeConnection.openUri (/home/ubuntu/Sandeep/projects/NFTGen/api/node_modules/mongoose/lib/connection.js:1096:11) {
2025-03-14 22:20:08:   errorLabelSet: Set(0) {},
2025-03-14 22:20:08:   reason: TopologyDescription {
2025-03-14 22:20:08:     type: 'Unknown',
2025-03-14 22:20:08:     servers: Map(1) { 'localhost:27017' => [ServerDescription] },
2025-03-14 22:20:08:     stale: false,
2025-03-14 22:20:08:     compatible: true,
2025-03-14 22:20:08:     heartbeatFrequencyMS: 10000,
2025-03-14 22:20:08:     localThresholdMS: 15,
2025-03-14 22:20:08:     setName: null,
2025-03-14 22:20:08:     maxElectionId: null,
2025-03-14 22:20:08:     maxSetVersion: null,
2025-03-14 22:20:08:     commonWireVersion: 0,
2025-03-14 22:20:08:     logicalSessionTimeoutMinutes: null
2025-03-14 22:20:08:   },
2025-03-14 22:20:08:   code: undefined
2025-03-14 22:20:08: }
2025-03-14 22:20:09: Persisted queries are enabled and are using an unbounded cache. Your server is vulnerable to denial of service attacks via memory exhaustion. Set `cache: "bounded"` or `persistedQueries: false` in your ApolloServer constructor, or see https://go.apollo.dev/s/cache-backends for other alternatives.
2025-03-14 22:20:39: ❌ MongoDB connection error: MongooseServerSelectionError: connect ECONNREFUSED 127.0.0.1:27017
2025-03-14 22:20:39:     at _handleConnectionErrors (/home/ubuntu/Sandeep/projects/NFTGen/api/node_modules/mongoose/lib/connection.js:1165:11)
2025-03-14 22:20:39:     at NativeConnection.openUri (/home/ubuntu/Sandeep/projects/NFTGen/api/node_modules/mongoose/lib/connection.js:1096:11) {
2025-03-14 22:20:39:   errorLabelSet: Set(0) {},
2025-03-14 22:20:39:   reason: TopologyDescription {
2025-03-14 22:20:39:     type: 'Unknown',
2025-03-14 22:20:39:     servers: Map(1) { 'localhost:27017' => [ServerDescription] },
2025-03-14 22:20:39:     stale: false,
2025-03-14 22:20:39:     compatible: true,
2025-03-14 22:20:39:     heartbeatFrequencyMS: 10000,
2025-03-14 22:20:39:     localThresholdMS: 15,
2025-03-14 22:20:39:     setName: null,
2025-03-14 22:20:39:     maxElectionId: null,
2025-03-14 22:20:39:     maxSetVersion: null,
2025-03-14 22:20:39:     commonWireVersion: 0,
2025-03-14 22:20:39:     logicalSessionTimeoutMinutes: null
2025-03-14 22:20:39:   },
2025-03-14 22:20:39:   code: undefined
2025-03-14 22:20:39: }
2025-03-14 22:20:40: Persisted queries are enabled and are using an unbounded cache. Your server is vulnerable to denial of service attacks via memory exhaustion. Set `cache: "bounded"` or `persistedQueries: false` in your ApolloServer constructor, or see https://go.apollo.dev/s/cache-backends for other alternatives.
2025-03-14 22:21:10: ❌ MongoDB connection error: MongooseServerSelectionError: connect ECONNREFUSED 127.0.0.1:27017
2025-03-14 22:21:10:     at _handleConnectionErrors (/home/ubuntu/Sandeep/projects/NFTGen/api/node_modules/mongoose/lib/connection.js:1165:11)
2025-03-14 22:21:10:     at NativeConnection.openUri (/home/ubuntu/Sandeep/projects/NFTGen/api/node_modules/mongoose/lib/connection.js:1096:11) {
2025-03-14 22:21:10:   errorLabelSet: Set(0) {},
2025-03-14 22:21:10:   reason: TopologyDescription {
2025-03-14 22:21:10:     type: 'Unknown',
2025-03-14 22:21:10:     servers: Map(1) { 'localhost:27017' => [ServerDescription] },
2025-03-14 22:21:10:     stale: false,
2025-03-14 22:21:10:     compatible: true,
2025-03-14 22:21:10:     heartbeatFrequencyMS: 10000,
2025-03-14 22:21:10:     localThresholdMS: 15,
2025-03-14 22:21:10:     setName: null,
2025-03-14 22:21:10:     maxElectionId: null,
2025-03-14 22:21:10:     maxSetVersion: null,
2025-03-14 22:21:10:     commonWireVersion: 0,
2025-03-14 22:21:10:     logicalSessionTimeoutMinutes: null
2025-03-14 22:21:10:   },
2025-03-14 22:21:10:   code: undefined
2025-03-14 22:21:10: }
2025-03-14 22:21:11: Persisted queries are enabled and are using an unbounded cache. Your server is vulnerable to denial of service attacks via memory exhaustion. Set `cache: "bounded"` or `persistedQueries: false` in your ApolloServer constructor, or see https://go.apollo.dev/s/cache-backends for other alternatives.
2025-03-14 22:21:41: ❌ MongoDB connection error: MongooseServerSelectionError: connect ECONNREFUSED 127.0.0.1:27017
2025-03-14 22:21:41:     at _handleConnectionErrors (/home/ubuntu/Sandeep/projects/NFTGen/api/node_modules/mongoose/lib/connection.js:1165:11)
2025-03-14 22:21:41:     at NativeConnection.openUri (/home/ubuntu/Sandeep/projects/NFTGen/api/node_modules/mongoose/lib/connection.js:1096:11) {
2025-03-14 22:21:41:   errorLabelSet: Set(0) {},
2025-03-14 22:21:41:   reason: TopologyDescription {
2025-03-14 22:21:41:     type: 'Unknown',
2025-03-14 22:21:41:     servers: Map(1) { 'localhost:27017' => [ServerDescription] },
2025-03-14 22:21:41:     stale: false,
2025-03-14 22:21:41:     compatible: true,
2025-03-14 22:21:41:     heartbeatFrequencyMS: 10000,
2025-03-14 22:21:41:     localThresholdMS: 15,
2025-03-14 22:21:41:     setName: null,
2025-03-14 22:21:41:     maxElectionId: null,
2025-03-14 22:21:41:     maxSetVersion: null,
2025-03-14 22:21:41:     commonWireVersion: 0,
2025-03-14 22:21:41:     logicalSessionTimeoutMinutes: null
2025-03-14 22:21:41:   },
2025-03-14 22:21:41:   code: undefined
2025-03-14 22:21:41: }
2025-03-14 22:21:41: Persisted queries are enabled and are using an unbounded cache. Your server is vulnerable to denial of service attacks via memory exhaustion. Set `cache: "bounded"` or `persistedQueries: false` in your ApolloServer constructor, or see https://go.apollo.dev/s/cache-backends for other alternatives.
2025-03-14 22:22:11: ❌ MongoDB connection error: MongooseServerSelectionError: connect ECONNREFUSED 127.0.0.1:27017
2025-03-14 22:22:11:     at _handleConnectionErrors (/home/ubuntu/Sandeep/projects/NFTGen/api/node_modules/mongoose/lib/connection.js:1165:11)
2025-03-14 22:22:11:     at NativeConnection.openUri (/home/ubuntu/Sandeep/projects/NFTGen/api/node_modules/mongoose/lib/connection.js:1096:11) {
2025-03-14 22:22:11:   errorLabelSet: Set(0) {},
2025-03-14 22:22:11:   reason: TopologyDescription {
2025-03-14 22:22:11:     type: 'Unknown',
2025-03-14 22:22:11:     servers: Map(1) { 'localhost:27017' => [ServerDescription] },
2025-03-14 22:22:11:     stale: false,
2025-03-14 22:22:11:     compatible: true,
2025-03-14 22:22:11:     heartbeatFrequencyMS: 10000,
2025-03-14 22:22:11:     localThresholdMS: 15,
2025-03-14 22:22:11:     setName: null,
2025-03-14 22:22:11:     maxElectionId: null,
2025-03-14 22:22:11:     maxSetVersion: null,
2025-03-14 22:22:11:     commonWireVersion: 0,
2025-03-14 22:22:11:     logicalSessionTimeoutMinutes: null
2025-03-14 22:22:11:   },
2025-03-14 22:22:11:   code: undefined
2025-03-14 22:22:11: }
2025-03-14 22:22:12: Persisted queries are enabled and are using an unbounded cache. Your server is vulnerable to denial of service attacks via memory exhaustion. Set `cache: "bounded"` or `persistedQueries: false` in your ApolloServer constructor, or see https://go.apollo.dev/s/cache-backends for other alternatives.
2025-03-14 22:22:42: ❌ MongoDB connection error: MongooseServerSelectionError: connect ECONNREFUSED 127.0.0.1:27017
2025-03-14 22:22:42:     at _handleConnectionErrors (/home/ubuntu/Sandeep/projects/NFTGen/api/node_modules/mongoose/lib/connection.js:1165:11)
2025-03-14 22:22:42:     at NativeConnection.openUri (/home/ubuntu/Sandeep/projects/NFTGen/api/node_modules/mongoose/lib/connection.js:1096:11) {
2025-03-14 22:22:42:   errorLabelSet: Set(0) {},
2025-03-14 22:22:42:   reason: TopologyDescription {
2025-03-14 22:22:42:     type: 'Unknown',
2025-03-14 22:22:42:     servers: Map(1) { 'localhost:27017' => [ServerDescription] },
2025-03-14 22:22:42:     stale: false,
2025-03-14 22:22:42:     compatible: true,
2025-03-14 22:22:42:     heartbeatFrequencyMS: 10000,
2025-03-14 22:22:42:     localThresholdMS: 15,
2025-03-14 22:22:42:     setName: null,
2025-03-14 22:22:42:     maxElectionId: null,
2025-03-14 22:22:42:     maxSetVersion: null,
2025-03-14 22:22:42:     commonWireVersion: 0,
2025-03-14 22:22:42:     logicalSessionTimeoutMinutes: null
2025-03-14 22:22:42:   },
2025-03-14 22:22:42:   code: undefined
2025-03-14 22:22:42: }
2025-03-14 22:22:43: Persisted queries are enabled and are using an unbounded cache. Your server is vulnerable to denial of service attacks via memory exhaustion. Set `cache: "bounded"` or `persistedQueries: false` in your ApolloServer constructor, or see https://go.apollo.dev/s/cache-backends for other alternatives.
2025-03-14 22:23:13: ❌ MongoDB connection error: MongooseServerSelectionError: connect ECONNREFUSED 127.0.0.1:27017
2025-03-14 22:23:13:     at _handleConnectionErrors (/home/ubuntu/Sandeep/projects/NFTGen/api/node_modules/mongoose/lib/connection.js:1165:11)
2025-03-14 22:23:13:     at NativeConnection.openUri (/home/ubuntu/Sandeep/projects/NFTGen/api/node_modules/mongoose/lib/connection.js:1096:11) {
2025-03-14 22:23:13:   errorLabelSet: Set(0) {},
2025-03-14 22:23:13:   reason: TopologyDescription {
2025-03-14 22:23:13:     type: 'Unknown',
2025-03-14 22:23:13:     servers: Map(1) { 'localhost:27017' => [ServerDescription] },
2025-03-14 22:23:13:     stale: false,
2025-03-14 22:23:13:     compatible: true,
2025-03-14 22:23:13:     heartbeatFrequencyMS: 10000,
2025-03-14 22:23:13:     localThresholdMS: 15,
2025-03-14 22:23:13:     setName: null,
2025-03-14 22:23:13:     maxElectionId: null,
2025-03-14 22:23:13:     maxSetVersion: null,
2025-03-14 22:23:13:     commonWireVersion: 0,
2025-03-14 22:23:13:     logicalSessionTimeoutMinutes: null
2025-03-14 22:23:13:   },
2025-03-14 22:23:13:   code: undefined
2025-03-14 22:23:13: }
2025-03-14 22:23:14: Persisted queries are enabled and are using an unbounded cache. Your server is vulnerable to denial of service attacks via memory exhaustion. Set `cache: "bounded"` or `persistedQueries: false` in your ApolloServer constructor, or see https://go.apollo.dev/s/cache-backends for other alternatives.
2025-03-14 22:23:44: ❌ MongoDB connection error: MongooseServerSelectionError: connect ECONNREFUSED 127.0.0.1:27017
2025-03-14 22:23:44:     at _handleConnectionErrors (/home/ubuntu/Sandeep/projects/NFTGen/api/node_modules/mongoose/lib/connection.js:1165:11)
2025-03-14 22:23:44:     at NativeConnection.openUri (/home/ubuntu/Sandeep/projects/NFTGen/api/node_modules/mongoose/lib/connection.js:1096:11) {
2025-03-14 22:23:44:   errorLabelSet: Set(0) {},
2025-03-14 22:23:44:   reason: TopologyDescription {
2025-03-14 22:23:44:     type: 'Unknown',
2025-03-14 22:23:44:     servers: Map(1) { 'localhost:27017' => [ServerDescription] },
2025-03-14 22:23:44:     stale: false,
2025-03-14 22:23:44:     compatible: true,
2025-03-14 22:23:44:     heartbeatFrequencyMS: 10000,
2025-03-14 22:23:44:     localThresholdMS: 15,
2025-03-14 22:23:44:     setName: null,
2025-03-14 22:23:44:     maxElectionId: null,
2025-03-14 22:23:44:     maxSetVersion: null,
2025-03-14 22:23:44:     commonWireVersion: 0,
2025-03-14 22:23:44:     logicalSessionTimeoutMinutes: null
2025-03-14 22:23:44:   },
2025-03-14 22:23:44:   code: undefined
2025-03-14 22:23:44: }
2025-03-14 22:23:44: Persisted queries are enabled and are using an unbounded cache. Your server is vulnerable to denial of service attacks via memory exhaustion. Set `cache: "bounded"` or `persistedQueries: false` in your ApolloServer constructor, or see https://go.apollo.dev/s/cache-backends for other alternatives.
2025-03-14 22:24:14: ❌ MongoDB connection error: MongooseServerSelectionError: connect ECONNREFUSED 127.0.0.1:27017
2025-03-14 22:24:14:     at _handleConnectionErrors (/home/ubuntu/Sandeep/projects/NFTGen/api/node_modules/mongoose/lib/connection.js:1165:11)
2025-03-14 22:24:14:     at NativeConnection.openUri (/home/ubuntu/Sandeep/projects/NFTGen/api/node_modules/mongoose/lib/connection.js:1096:11) {
2025-03-14 22:24:14:   errorLabelSet: Set(0) {},
2025-03-14 22:24:14:   reason: TopologyDescription {
2025-03-14 22:24:14:     type: 'Unknown',
2025-03-14 22:24:14:     servers: Map(1) { 'localhost:27017' => [ServerDescription] },
2025-03-14 22:24:14:     stale: false,
2025-03-14 22:24:14:     compatible: true,
2025-03-14 22:24:14:     heartbeatFrequencyMS: 10000,
2025-03-14 22:24:14:     localThresholdMS: 15,
2025-03-14 22:24:14:     setName: null,
2025-03-14 22:24:14:     maxElectionId: null,
2025-03-14 22:24:14:     maxSetVersion: null,
2025-03-14 22:24:14:     commonWireVersion: 0,
2025-03-14 22:24:14:     logicalSessionTimeoutMinutes: null
2025-03-14 22:24:14:   },
2025-03-14 22:24:14:   code: undefined
2025-03-14 22:24:14: }
2025-03-14 22:24:15: Persisted queries are enabled and are using an unbounded cache. Your server is vulnerable to denial of service attacks via memory exhaustion. Set `cache: "bounded"` or `persistedQueries: false` in your ApolloServer constructor, or see https://go.apollo.dev/s/cache-backends for other alternatives.
2025-03-14 22:24:45: ❌ MongoDB connection error: MongooseServerSelectionError: connect ECONNREFUSED 127.0.0.1:27017
2025-03-14 22:24:45:     at _handleConnectionErrors (/home/ubuntu/Sandeep/projects/NFTGen/api/node_modules/mongoose/lib/connection.js:1165:11)
2025-03-14 22:24:45:     at NativeConnection.openUri (/home/ubuntu/Sandeep/projects/NFTGen/api/node_modules/mongoose/lib/connection.js:1096:11) {
2025-03-14 22:24:45:   errorLabelSet: Set(0) {},
2025-03-14 22:24:45:   reason: TopologyDescription {
2025-03-14 22:24:45:     type: 'Unknown',
2025-03-14 22:24:45:     servers: Map(1) { 'localhost:27017' => [ServerDescription] },
2025-03-14 22:24:45:     stale: false,
2025-03-14 22:24:45:     compatible: true,
2025-03-14 22:24:45:     heartbeatFrequencyMS: 10000,
2025-03-14 22:24:45:     localThresholdMS: 15,
2025-03-14 22:24:45:     setName: null,
2025-03-14 22:24:45:     maxElectionId: null,
2025-03-14 22:24:45:     maxSetVersion: null,
2025-03-14 22:24:45:     commonWireVersion: 0,
2025-03-14 22:24:45:     logicalSessionTimeoutMinutes: null
2025-03-14 22:24:45:   },
2025-03-14 22:24:45:   code: undefined
2025-03-14 22:24:45: }
2025-03-14 22:24:46: Persisted queries are enabled and are using an unbounded cache. Your server is vulnerable to denial of service attacks via memory exhaustion. Set `cache: "bounded"` or `persistedQueries: false` in your ApolloServer constructor, or see https://go.apollo.dev/s/cache-backends for other alternatives.
2025-03-14 22:25:16: ❌ MongoDB connection error: MongooseServerSelectionError: connect ECONNREFUSED 127.0.0.1:27017
2025-03-14 22:25:16:     at _handleConnectionErrors (/home/ubuntu/Sandeep/projects/NFTGen/api/node_modules/mongoose/lib/connection.js:1165:11)
2025-03-14 22:25:16:     at NativeConnection.openUri (/home/ubuntu/Sandeep/projects/NFTGen/api/node_modules/mongoose/lib/connection.js:1096:11) {
2025-03-14 22:25:16:   errorLabelSet: Set(0) {},
2025-03-14 22:25:16:   reason: TopologyDescription {
2025-03-14 22:25:16:     type: 'Unknown',
2025-03-14 22:25:16:     servers: Map(1) { 'localhost:27017' => [ServerDescription] },
2025-03-14 22:25:16:     stale: false,
2025-03-14 22:25:16:     compatible: true,
2025-03-14 22:25:16:     heartbeatFrequencyMS: 10000,
2025-03-14 22:25:16:     localThresholdMS: 15,
2025-03-14 22:25:16:     setName: null,
2025-03-14 22:25:16:     maxElectionId: null,
2025-03-14 22:25:16:     maxSetVersion: null,
2025-03-14 22:25:16:     commonWireVersion: 0,
2025-03-14 22:25:16:     logicalSessionTimeoutMinutes: null
2025-03-14 22:25:16:   },
2025-03-14 22:25:16:   code: undefined
2025-03-14 22:25:16: }
2025-03-14 22:25:17: Persisted queries are enabled and are using an unbounded cache. Your server is vulnerable to denial of service attacks via memory exhaustion. Set `cache: "bounded"` or `persistedQueries: false` in your ApolloServer constructor, or see https://go.apollo.dev/s/cache-backends for other alternatives.
2025-03-14 22:25:47: ❌ MongoDB connection error: MongooseServerSelectionError: connect ECONNREFUSED 127.0.0.1:27017
2025-03-14 22:25:47:     at _handleConnectionErrors (/home/ubuntu/Sandeep/projects/NFTGen/api/node_modules/mongoose/lib/connection.js:1165:11)
2025-03-14 22:25:47:     at NativeConnection.openUri (/home/ubuntu/Sandeep/projects/NFTGen/api/node_modules/mongoose/lib/connection.js:1096:11) {
2025-03-14 22:25:47:   errorLabelSet: Set(0) {},
2025-03-14 22:25:47:   reason: TopologyDescription {
2025-03-14 22:25:47:     type: 'Unknown',
2025-03-14 22:25:47:     servers: Map(1) { 'localhost:27017' => [ServerDescription] },
2025-03-14 22:25:47:     stale: false,
2025-03-14 22:25:47:     compatible: true,
2025-03-14 22:25:47:     heartbeatFrequencyMS: 10000,
2025-03-14 22:25:47:     localThresholdMS: 15,
2025-03-14 22:25:47:     setName: null,
2025-03-14 22:25:47:     maxElectionId: null,
2025-03-14 22:25:47:     maxSetVersion: null,
2025-03-14 22:25:47:     commonWireVersion: 0,
2025-03-14 22:25:47:     logicalSessionTimeoutMinutes: null
2025-03-14 22:25:47:   },
2025-03-14 22:25:47:   code: undefined
2025-03-14 22:25:47: }
2025-03-14 22:25:48: Persisted queries are enabled and are using an unbounded cache. Your server is vulnerable to denial of service attacks via memory exhaustion. Set `cache: "bounded"` or `persistedQueries: false` in your ApolloServer constructor, or see https://go.apollo.dev/s/cache-backends for other alternatives.
2025-03-14 22:26:18: ❌ MongoDB connection error: MongooseServerSelectionError: connect ECONNREFUSED 127.0.0.1:27017
2025-03-14 22:26:18:     at _handleConnectionErrors (/home/ubuntu/Sandeep/projects/NFTGen/api/node_modules/mongoose/lib/connection.js:1165:11)
2025-03-14 22:26:18:     at NativeConnection.openUri (/home/ubuntu/Sandeep/projects/NFTGen/api/node_modules/mongoose/lib/connection.js:1096:11) {
2025-03-14 22:26:18:   errorLabelSet: Set(0) {},
2025-03-14 22:26:18:   reason: TopologyDescription {
2025-03-14 22:26:18:     type: 'Unknown',
2025-03-14 22:26:18:     servers: Map(1) { 'localhost:27017' => [ServerDescription] },
2025-03-14 22:26:18:     stale: false,
2025-03-14 22:26:18:     compatible: true,
2025-03-14 22:26:18:     heartbeatFrequencyMS: 10000,
2025-03-14 22:26:18:     localThresholdMS: 15,
2025-03-14 22:26:18:     setName: null,
2025-03-14 22:26:18:     maxElectionId: null,
2025-03-14 22:26:18:     maxSetVersion: null,
2025-03-14 22:26:18:     commonWireVersion: 0,
2025-03-14 22:26:18:     logicalSessionTimeoutMinutes: null
2025-03-14 22:26:18:   },
2025-03-14 22:26:18:   code: undefined
2025-03-14 22:26:18: }
2025-03-14 22:26:19: Persisted queries are enabled and are using an unbounded cache. Your server is vulnerable to denial of service attacks via memory exhaustion. Set `cache: "bounded"` or `persistedQueries: false` in your ApolloServer constructor, or see https://go.apollo.dev/s/cache-backends for other alternatives.
2025-03-14 22:26:49: ❌ MongoDB connection error: MongooseServerSelectionError: connect ECONNREFUSED 127.0.0.1:27017
2025-03-14 22:26:49:     at _handleConnectionErrors (/home/ubuntu/Sandeep/projects/NFTGen/api/node_modules/mongoose/lib/connection.js:1165:11)
2025-03-14 22:26:49:     at NativeConnection.openUri (/home/ubuntu/Sandeep/projects/NFTGen/api/node_modules/mongoose/lib/connection.js:1096:11) {
2025-03-14 22:26:49:   errorLabelSet: Set(0) {},
2025-03-14 22:26:49:   reason: TopologyDescription {
2025-03-14 22:26:49:     type: 'Unknown',
2025-03-14 22:26:49:     servers: Map(1) { 'localhost:27017' => [ServerDescription] },
2025-03-14 22:26:49:     stale: false,
2025-03-14 22:26:49:     compatible: true,
2025-03-14 22:26:49:     heartbeatFrequencyMS: 10000,
2025-03-14 22:26:49:     localThresholdMS: 15,
2025-03-14 22:26:49:     setName: null,
2025-03-14 22:26:49:     maxElectionId: null,
2025-03-14 22:26:49:     maxSetVersion: null,
2025-03-14 22:26:49:     commonWireVersion: 0,
2025-03-14 22:26:49:     logicalSessionTimeoutMinutes: null
2025-03-14 22:26:49:   },
2025-03-14 22:26:49:   code: undefined
2025-03-14 22:26:49: }
2025-03-14 22:26:49: Persisted queries are enabled and are using an unbounded cache. Your server is vulnerable to denial of service attacks via memory exhaustion. Set `cache: "bounded"` or `persistedQueries: false` in your ApolloServer constructor, or see https://go.apollo.dev/s/cache-backends for other alternatives.
2025-03-14 22:27:19: ❌ MongoDB connection error: MongooseServerSelectionError: connect ECONNREFUSED 127.0.0.1:27017
2025-03-14 22:27:19:     at _handleConnectionErrors (/home/ubuntu/Sandeep/projects/NFTGen/api/node_modules/mongoose/lib/connection.js:1165:11)
2025-03-14 22:27:19:     at NativeConnection.openUri (/home/ubuntu/Sandeep/projects/NFTGen/api/node_modules/mongoose/lib/connection.js:1096:11) {
2025-03-14 22:27:19:   errorLabelSet: Set(0) {},
2025-03-14 22:27:19:   reason: TopologyDescription {
2025-03-14 22:27:19:     type: 'Unknown',
2025-03-14 22:27:19:     servers: Map(1) { 'localhost:27017' => [ServerDescription] },
2025-03-14 22:27:19:     stale: false,
2025-03-14 22:27:19:     compatible: true,
2025-03-14 22:27:19:     heartbeatFrequencyMS: 10000,
2025-03-14 22:27:19:     localThresholdMS: 15,
2025-03-14 22:27:19:     setName: null,
2025-03-14 22:27:19:     maxElectionId: null,
2025-03-14 22:27:19:     maxSetVersion: null,
2025-03-14 22:27:19:     commonWireVersion: 0,
2025-03-14 22:27:19:     logicalSessionTimeoutMinutes: null
2025-03-14 22:27:19:   },
2025-03-14 22:27:19:   code: undefined
2025-03-14 22:27:19: }
2025-03-14 22:27:20: Persisted queries are enabled and are using an unbounded cache. Your server is vulnerable to denial of service attacks via memory exhaustion. Set `cache: "bounded"` or `persistedQueries: false` in your ApolloServer constructor, or see https://go.apollo.dev/s/cache-backends for other alternatives.
2025-03-14 22:27:50: ❌ MongoDB connection error: MongooseServerSelectionError: connect ECONNREFUSED 127.0.0.1:27017
2025-03-14 22:27:50:     at _handleConnectionErrors (/home/ubuntu/Sandeep/projects/NFTGen/api/node_modules/mongoose/lib/connection.js:1165:11)
2025-03-14 22:27:50:     at NativeConnection.openUri (/home/ubuntu/Sandeep/projects/NFTGen/api/node_modules/mongoose/lib/connection.js:1096:11) {
2025-03-14 22:27:50:   errorLabelSet: Set(0) {},
2025-03-14 22:27:50:   reason: TopologyDescription {
2025-03-14 22:27:50:     type: 'Unknown',
2025-03-14 22:27:50:     servers: Map(1) { 'localhost:27017' => [ServerDescription] },
2025-03-14 22:27:50:     stale: false,
2025-03-14 22:27:50:     compatible: true,
2025-03-14 22:27:50:     heartbeatFrequencyMS: 10000,
2025-03-14 22:27:50:     localThresholdMS: 15,
2025-03-14 22:27:50:     setName: null,
2025-03-14 22:27:50:     maxElectionId: null,
2025-03-14 22:27:50:     maxSetVersion: null,
2025-03-14 22:27:50:     commonWireVersion: 0,
2025-03-14 22:27:50:     logicalSessionTimeoutMinutes: null
2025-03-14 22:27:50:   },
2025-03-14 22:27:50:   code: undefined
2025-03-14 22:27:50: }
2025-03-14 22:27:51: Persisted queries are enabled and are using an unbounded cache. Your server is vulnerable to denial of service attacks via memory exhaustion. Set `cache: "bounded"` or `persistedQueries: false` in your ApolloServer constructor, or see https://go.apollo.dev/s/cache-backends for other alternatives.
2025-03-14 22:28:21: ❌ MongoDB connection error: MongooseServerSelectionError: connect ECONNREFUSED 127.0.0.1:27017
2025-03-14 22:28:21:     at _handleConnectionErrors (/home/ubuntu/Sandeep/projects/NFTGen/api/node_modules/mongoose/lib/connection.js:1165:11)
2025-03-14 22:28:21:     at NativeConnection.openUri (/home/ubuntu/Sandeep/projects/NFTGen/api/node_modules/mongoose/lib/connection.js:1096:11) {
2025-03-14 22:28:21:   errorLabelSet: Set(0) {},
2025-03-14 22:28:21:   reason: TopologyDescription {
2025-03-14 22:28:21:     type: 'Unknown',
2025-03-14 22:28:21:     servers: Map(1) { 'localhost:27017' => [ServerDescription] },
2025-03-14 22:28:21:     stale: false,
2025-03-14 22:28:21:     compatible: true,
2025-03-14 22:28:21:     heartbeatFrequencyMS: 10000,
2025-03-14 22:28:21:     localThresholdMS: 15,
2025-03-14 22:28:21:     setName: null,
2025-03-14 22:28:21:     maxElectionId: null,
2025-03-14 22:28:21:     maxSetVersion: null,
2025-03-14 22:28:21:     commonWireVersion: 0,
2025-03-14 22:28:21:     logicalSessionTimeoutMinutes: null
2025-03-14 22:28:21:   },
2025-03-14 22:28:21:   code: undefined
2025-03-14 22:28:21: }
2025-03-14 22:28:22: Persisted queries are enabled and are using an unbounded cache. Your server is vulnerable to denial of service attacks via memory exhaustion. Set `cache: "bounded"` or `persistedQueries: false` in your ApolloServer constructor, or see https://go.apollo.dev/s/cache-backends for other alternatives.
2025-03-14 22:28:52: ❌ MongoDB connection error: MongooseServerSelectionError: connect ECONNREFUSED 127.0.0.1:27017
2025-03-14 22:28:52:     at _handleConnectionErrors (/home/ubuntu/Sandeep/projects/NFTGen/api/node_modules/mongoose/lib/connection.js:1165:11)
2025-03-14 22:28:52:     at NativeConnection.openUri (/home/ubuntu/Sandeep/projects/NFTGen/api/node_modules/mongoose/lib/connection.js:1096:11) {
2025-03-14 22:28:52:   errorLabelSet: Set(0) {},
2025-03-14 22:28:52:   reason: TopologyDescription {
2025-03-14 22:28:52:     type: 'Unknown',
2025-03-14 22:28:52:     servers: Map(1) { 'localhost:27017' => [ServerDescription] },
2025-03-14 22:28:52:     stale: false,
2025-03-14 22:28:52:     compatible: true,
2025-03-14 22:28:52:     heartbeatFrequencyMS: 10000,
2025-03-14 22:28:52:     localThresholdMS: 15,
2025-03-14 22:28:52:     setName: null,
2025-03-14 22:28:52:     maxElectionId: null,
2025-03-14 22:28:52:     maxSetVersion: null,
2025-03-14 22:28:52:     commonWireVersion: 0,
2025-03-14 22:28:52:     logicalSessionTimeoutMinutes: null
2025-03-14 22:28:52:   },
2025-03-14 22:28:52:   code: undefined
2025-03-14 22:28:52: }
2025-03-14 22:28:53: Persisted queries are enabled and are using an unbounded cache. Your server is vulnerable to denial of service attacks via memory exhaustion. Set `cache: "bounded"` or `persistedQueries: false` in your ApolloServer constructor, or see https://go.apollo.dev/s/cache-backends for other alternatives.
2025-03-14 22:29:23: ❌ MongoDB connection error: MongooseServerSelectionError: connect ECONNREFUSED 127.0.0.1:27017
2025-03-14 22:29:23:     at _handleConnectionErrors (/home/ubuntu/Sandeep/projects/NFTGen/api/node_modules/mongoose/lib/connection.js:1165:11)
2025-03-14 22:29:23:     at NativeConnection.openUri (/home/ubuntu/Sandeep/projects/NFTGen/api/node_modules/mongoose/lib/connection.js:1096:11) {
2025-03-14 22:29:23:   errorLabelSet: Set(0) {},
2025-03-14 22:29:23:   reason: TopologyDescription {
2025-03-14 22:29:23:     type: 'Unknown',
2025-03-14 22:29:23:     servers: Map(1) { 'localhost:27017' => [ServerDescription] },
2025-03-14 22:29:23:     stale: false,
2025-03-14 22:29:23:     compatible: true,
2025-03-14 22:29:23:     heartbeatFrequencyMS: 10000,
2025-03-14 22:29:23:     localThresholdMS: 15,
2025-03-14 22:29:23:     setName: null,
2025-03-14 22:29:23:     maxElectionId: null,
2025-03-14 22:29:23:     maxSetVersion: null,
2025-03-14 22:29:23:     commonWireVersion: 0,
2025-03-14 22:29:23:     logicalSessionTimeoutMinutes: null
2025-03-14 22:29:23:   },
2025-03-14 22:29:23:   code: undefined
2025-03-14 22:29:23: }
2025-03-14 22:29:24: Persisted queries are enabled and are using an unbounded cache. Your server is vulnerable to denial of service attacks via memory exhaustion. Set `cache: "bounded"` or `persistedQueries: false` in your ApolloServer constructor, or see https://go.apollo.dev/s/cache-backends for other alternatives.
2025-03-14 22:29:54: ❌ MongoDB connection error: MongooseServerSelectionError: connect ECONNREFUSED 127.0.0.1:27017
2025-03-14 22:29:54:     at _handleConnectionErrors (/home/ubuntu/Sandeep/projects/NFTGen/api/node_modules/mongoose/lib/connection.js:1165:11)
2025-03-14 22:29:54:     at NativeConnection.openUri (/home/ubuntu/Sandeep/projects/NFTGen/api/node_modules/mongoose/lib/connection.js:1096:11) {
2025-03-14 22:29:54:   errorLabelSet: Set(0) {},
2025-03-14 22:29:54:   reason: TopologyDescription {
2025-03-14 22:29:54:     type: 'Unknown',
2025-03-14 22:29:54:     servers: Map(1) { 'localhost:27017' => [ServerDescription] },
2025-03-14 22:29:54:     stale: false,
2025-03-14 22:29:54:     compatible: true,
2025-03-14 22:29:54:     heartbeatFrequencyMS: 10000,
2025-03-14 22:29:54:     localThresholdMS: 15,
2025-03-14 22:29:54:     setName: null,
2025-03-14 22:29:54:     maxElectionId: null,
2025-03-14 22:29:54:     maxSetVersion: null,
2025-03-14 22:29:54:     commonWireVersion: 0,
2025-03-14 22:29:54:     logicalSessionTimeoutMinutes: null
2025-03-14 22:29:54:   },
2025-03-14 22:29:54:   code: undefined
2025-03-14 22:29:54: }
2025-03-14 22:29:54: Persisted queries are enabled and are using an unbounded cache. Your server is vulnerable to denial of service attacks via memory exhaustion. Set `cache: "bounded"` or `persistedQueries: false` in your ApolloServer constructor, or see https://go.apollo.dev/s/cache-backends for other alternatives.
2025-03-14 22:30:24: ❌ MongoDB connection error: MongooseServerSelectionError: connect ECONNREFUSED 127.0.0.1:27017
2025-03-14 22:30:24:     at _handleConnectionErrors (/home/ubuntu/Sandeep/projects/NFTGen/api/node_modules/mongoose/lib/connection.js:1165:11)
2025-03-14 22:30:24:     at NativeConnection.openUri (/home/ubuntu/Sandeep/projects/NFTGen/api/node_modules/mongoose/lib/connection.js:1096:11) {
2025-03-14 22:30:24:   errorLabelSet: Set(0) {},
2025-03-14 22:30:24:   reason: TopologyDescription {
2025-03-14 22:30:24:     type: 'Unknown',
2025-03-14 22:30:24:     servers: Map(1) { 'localhost:27017' => [ServerDescription] },
2025-03-14 22:30:24:     stale: false,
2025-03-14 22:30:24:     compatible: true,
2025-03-14 22:30:24:     heartbeatFrequencyMS: 10000,
2025-03-14 22:30:24:     localThresholdMS: 15,
2025-03-14 22:30:24:     setName: null,
2025-03-14 22:30:24:     maxElectionId: null,
2025-03-14 22:30:24:     maxSetVersion: null,
2025-03-14 22:30:24:     commonWireVersion: 0,
2025-03-14 22:30:24:     logicalSessionTimeoutMinutes: null
2025-03-14 22:30:24:   },
2025-03-14 22:30:24:   code: undefined
2025-03-14 22:30:24: }
2025-03-14 22:30:25: Persisted queries are enabled and are using an unbounded cache. Your server is vulnerable to denial of service attacks via memory exhaustion. Set `cache: "bounded"` or `persistedQueries: false` in your ApolloServer constructor, or see https://go.apollo.dev/s/cache-backends for other alternatives.
2025-03-14 22:30:55: ❌ MongoDB connection error: MongooseServerSelectionError: connect ECONNREFUSED 127.0.0.1:27017
2025-03-14 22:30:55:     at _handleConnectionErrors (/home/ubuntu/Sandeep/projects/NFTGen/api/node_modules/mongoose/lib/connection.js:1165:11)
2025-03-14 22:30:55:     at NativeConnection.openUri (/home/ubuntu/Sandeep/projects/NFTGen/api/node_modules/mongoose/lib/connection.js:1096:11) {
2025-03-14 22:30:55:   errorLabelSet: Set(0) {},
2025-03-14 22:30:55:   reason: TopologyDescription {
2025-03-14 22:30:55:     type: 'Unknown',
2025-03-14 22:30:55:     servers: Map(1) { 'localhost:27017' => [ServerDescription] },
2025-03-14 22:30:55:     stale: false,
2025-03-14 22:30:55:     compatible: true,
2025-03-14 22:30:55:     heartbeatFrequencyMS: 10000,
2025-03-14 22:30:55:     localThresholdMS: 15,
2025-03-14 22:30:55:     setName: null,
2025-03-14 22:30:55:     maxElectionId: null,
2025-03-14 22:30:55:     maxSetVersion: null,
2025-03-14 22:30:55:     commonWireVersion: 0,
2025-03-14 22:30:55:     logicalSessionTimeoutMinutes: null
2025-03-14 22:30:55:   },
2025-03-14 22:30:55:   code: undefined
2025-03-14 22:30:55: }
2025-03-14 22:30:56: Persisted queries are enabled and are using an unbounded cache. Your server is vulnerable to denial of service attacks via memory exhaustion. Set `cache: "bounded"` or `persistedQueries: false` in your ApolloServer constructor, or see https://go.apollo.dev/s/cache-backends for other alternatives.
2025-03-14 22:31:26: ❌ MongoDB connection error: MongooseServerSelectionError: connect ECONNREFUSED 127.0.0.1:27017
2025-03-14 22:31:26:     at _handleConnectionErrors (/home/ubuntu/Sandeep/projects/NFTGen/api/node_modules/mongoose/lib/connection.js:1165:11)
2025-03-14 22:31:26:     at NativeConnection.openUri (/home/ubuntu/Sandeep/projects/NFTGen/api/node_modules/mongoose/lib/connection.js:1096:11) {
2025-03-14 22:31:26:   errorLabelSet: Set(0) {},
2025-03-14 22:31:26:   reason: TopologyDescription {
2025-03-14 22:31:26:     type: 'Unknown',
2025-03-14 22:31:26:     servers: Map(1) { 'localhost:27017' => [ServerDescription] },
2025-03-14 22:31:26:     stale: false,
2025-03-14 22:31:26:     compatible: true,
2025-03-14 22:31:26:     heartbeatFrequencyMS: 10000,
2025-03-14 22:31:26:     localThresholdMS: 15,
2025-03-14 22:31:26:     setName: null,
2025-03-14 22:31:26:     maxElectionId: null,
2025-03-14 22:31:26:     maxSetVersion: null,
2025-03-14 22:31:26:     commonWireVersion: 0,
2025-03-14 22:31:26:     logicalSessionTimeoutMinutes: null
2025-03-14 22:31:26:   },
2025-03-14 22:31:26:   code: undefined
2025-03-14 22:31:26: }
2025-03-14 22:31:27: Persisted queries are enabled and are using an unbounded cache. Your server is vulnerable to denial of service attacks via memory exhaustion. Set `cache: "bounded"` or `persistedQueries: false` in your ApolloServer constructor, or see https://go.apollo.dev/s/cache-backends for other alternatives.
2025-03-14 22:31:57: ❌ MongoDB connection error: MongooseServerSelectionError: connect ECONNREFUSED 127.0.0.1:27017
2025-03-14 22:31:57:     at _handleConnectionErrors (/home/ubuntu/Sandeep/projects/NFTGen/api/node_modules/mongoose/lib/connection.js:1165:11)
2025-03-14 22:31:57:     at NativeConnection.openUri (/home/ubuntu/Sandeep/projects/NFTGen/api/node_modules/mongoose/lib/connection.js:1096:11) {
2025-03-14 22:31:57:   errorLabelSet: Set(0) {},
2025-03-14 22:31:57:   reason: TopologyDescription {
2025-03-14 22:31:57:     type: 'Unknown',
2025-03-14 22:31:57:     servers: Map(1) { 'localhost:27017' => [ServerDescription] },
2025-03-14 22:31:57:     stale: false,
2025-03-14 22:31:57:     compatible: true,
2025-03-14 22:31:57:     heartbeatFrequencyMS: 10000,
2025-03-14 22:31:57:     localThresholdMS: 15,
2025-03-14 22:31:57:     setName: null,
2025-03-14 22:31:57:     maxElectionId: null,
2025-03-14 22:31:57:     maxSetVersion: null,
2025-03-14 22:31:57:     commonWireVersion: 0,
2025-03-14 22:31:57:     logicalSessionTimeoutMinutes: null
2025-03-14 22:31:57:   },
2025-03-14 22:31:57:   code: undefined
2025-03-14 22:31:57: }
2025-03-14 22:31:58: Persisted queries are enabled and are using an unbounded cache. Your server is vulnerable to denial of service attacks via memory exhaustion. Set `cache: "bounded"` or `persistedQueries: false` in your ApolloServer constructor, or see https://go.apollo.dev/s/cache-backends for other alternatives.
2025-03-14 22:32:28: ❌ MongoDB connection error: MongooseServerSelectionError: connect ECONNREFUSED 127.0.0.1:27017
2025-03-14 22:32:28:     at _handleConnectionErrors (/home/ubuntu/Sandeep/projects/NFTGen/api/node_modules/mongoose/lib/connection.js:1165:11)
2025-03-14 22:32:28:     at NativeConnection.openUri (/home/ubuntu/Sandeep/projects/NFTGen/api/node_modules/mongoose/lib/connection.js:1096:11) {
2025-03-14 22:32:28:   errorLabelSet: Set(0) {},
2025-03-14 22:32:28:   reason: TopologyDescription {
2025-03-14 22:32:28:     type: 'Unknown',
2025-03-14 22:32:28:     servers: Map(1) { 'localhost:27017' => [ServerDescription] },
2025-03-14 22:32:28:     stale: false,
2025-03-14 22:32:28:     compatible: true,
2025-03-14 22:32:28:     heartbeatFrequencyMS: 10000,
2025-03-14 22:32:28:     localThresholdMS: 15,
2025-03-14 22:32:28:     setName: null,
2025-03-14 22:32:28:     maxElectionId: null,
2025-03-14 22:32:28:     maxSetVersion: null,
2025-03-14 22:32:28:     commonWireVersion: 0,
2025-03-14 22:32:28:     logicalSessionTimeoutMinutes: null
2025-03-14 22:32:28:   },
2025-03-14 22:32:28:   code: undefined
2025-03-14 22:32:28: }
2025-03-14 22:32:29: Persisted queries are enabled and are using an unbounded cache. Your server is vulnerable to denial of service attacks via memory exhaustion. Set `cache: "bounded"` or `persistedQueries: false` in your ApolloServer constructor, or see https://go.apollo.dev/s/cache-backends for other alternatives.
2025-03-14 22:32:59: ❌ MongoDB connection error: MongooseServerSelectionError: connect ECONNREFUSED 127.0.0.1:27017
2025-03-14 22:32:59:     at _handleConnectionErrors (/home/ubuntu/Sandeep/projects/NFTGen/api/node_modules/mongoose/lib/connection.js:1165:11)
2025-03-14 22:32:59:     at NativeConnection.openUri (/home/ubuntu/Sandeep/projects/NFTGen/api/node_modules/mongoose/lib/connection.js:1096:11) {
2025-03-14 22:32:59:   errorLabelSet: Set(0) {},
2025-03-14 22:32:59:   reason: TopologyDescription {
2025-03-14 22:32:59:     type: 'Unknown',
2025-03-14 22:32:59:     servers: Map(1) { 'localhost:27017' => [ServerDescription] },
2025-03-14 22:32:59:     stale: false,
2025-03-14 22:32:59:     compatible: true,
2025-03-14 22:32:59:     heartbeatFrequencyMS: 10000,
2025-03-14 22:32:59:     localThresholdMS: 15,
2025-03-14 22:32:59:     setName: null,
2025-03-14 22:32:59:     maxElectionId: null,
2025-03-14 22:32:59:     maxSetVersion: null,
2025-03-14 22:32:59:     commonWireVersion: 0,
2025-03-14 22:32:59:     logicalSessionTimeoutMinutes: null
2025-03-14 22:32:59:   },
2025-03-14 22:32:59:   code: undefined
2025-03-14 22:32:59: }
2025-03-14 22:33:00: Persisted queries are enabled and are using an unbounded cache. Your server is vulnerable to denial of service attacks via memory exhaustion. Set `cache: "bounded"` or `persistedQueries: false` in your ApolloServer constructor, or see https://go.apollo.dev/s/cache-backends for other alternatives.
2025-03-14 22:33:30: ❌ MongoDB connection error: MongooseServerSelectionError: connect ECONNREFUSED 127.0.0.1:27017
2025-03-14 22:33:30:     at _handleConnectionErrors (/home/ubuntu/Sandeep/projects/NFTGen/api/node_modules/mongoose/lib/connection.js:1165:11)
2025-03-14 22:33:30:     at NativeConnection.openUri (/home/ubuntu/Sandeep/projects/NFTGen/api/node_modules/mongoose/lib/connection.js:1096:11) {
2025-03-14 22:33:30:   errorLabelSet: Set(0) {},
2025-03-14 22:33:30:   reason: TopologyDescription {
2025-03-14 22:33:30:     type: 'Unknown',
2025-03-14 22:33:30:     servers: Map(1) { 'localhost:27017' => [ServerDescription] },
2025-03-14 22:33:30:     stale: false,
2025-03-14 22:33:30:     compatible: true,
2025-03-14 22:33:30:     heartbeatFrequencyMS: 10000,
2025-03-14 22:33:30:     localThresholdMS: 15,
2025-03-14 22:33:30:     setName: null,
2025-03-14 22:33:30:     maxElectionId: null,
2025-03-14 22:33:30:     maxSetVersion: null,
2025-03-14 22:33:30:     commonWireVersion: 0,
2025-03-14 22:33:30:     logicalSessionTimeoutMinutes: null
2025-03-14 22:33:30:   },
2025-03-14 22:33:30:   code: undefined
2025-03-14 22:33:30: }
2025-03-14 22:33:31: Persisted queries are enabled and are using an unbounded cache. Your server is vulnerable to denial of service attacks via memory exhaustion. Set `cache: "bounded"` or `persistedQueries: false` in your ApolloServer constructor, or see https://go.apollo.dev/s/cache-backends for other alternatives.
2025-03-14 22:34:01: ❌ MongoDB connection error: MongooseServerSelectionError: connect ECONNREFUSED 127.0.0.1:27017
2025-03-14 22:34:01:     at _handleConnectionErrors (/home/ubuntu/Sandeep/projects/NFTGen/api/node_modules/mongoose/lib/connection.js:1165:11)
2025-03-14 22:34:01:     at NativeConnection.openUri (/home/ubuntu/Sandeep/projects/NFTGen/api/node_modules/mongoose/lib/connection.js:1096:11) {
2025-03-14 22:34:01:   errorLabelSet: Set(0) {},
2025-03-14 22:34:01:   reason: TopologyDescription {
2025-03-14 22:34:01:     type: 'Unknown',
2025-03-14 22:34:01:     servers: Map(1) { 'localhost:27017' => [ServerDescription] },
2025-03-14 22:34:01:     stale: false,
2025-03-14 22:34:01:     compatible: true,
2025-03-14 22:34:01:     heartbeatFrequencyMS: 10000,
2025-03-14 22:34:01:     localThresholdMS: 15,
2025-03-14 22:34:01:     setName: null,
2025-03-14 22:34:01:     maxElectionId: null,
2025-03-14 22:34:01:     maxSetVersion: null,
2025-03-14 22:34:01:     commonWireVersion: 0,
2025-03-14 22:34:01:     logicalSessionTimeoutMinutes: null
2025-03-14 22:34:01:   },
2025-03-14 22:34:01:   code: undefined
2025-03-14 22:34:01: }
2025-03-14 22:34:02: Persisted queries are enabled and are using an unbounded cache. Your server is vulnerable to denial of service attacks via memory exhaustion. Set `cache: "bounded"` or `persistedQueries: false` in your ApolloServer constructor, or see https://go.apollo.dev/s/cache-backends for other alternatives.
2025-03-14 22:34:32: ❌ MongoDB connection error: MongooseServerSelectionError: connect ECONNREFUSED 127.0.0.1:27017
2025-03-14 22:34:32:     at _handleConnectionErrors (/home/ubuntu/Sandeep/projects/NFTGen/api/node_modules/mongoose/lib/connection.js:1165:11)
2025-03-14 22:34:32:     at NativeConnection.openUri (/home/ubuntu/Sandeep/projects/NFTGen/api/node_modules/mongoose/lib/connection.js:1096:11) {
2025-03-14 22:34:32:   errorLabelSet: Set(0) {},
2025-03-14 22:34:32:   reason: TopologyDescription {
2025-03-14 22:34:32:     type: 'Unknown',
2025-03-14 22:34:32:     servers: Map(1) { 'localhost:27017' => [ServerDescription] },
2025-03-14 22:34:32:     stale: false,
2025-03-14 22:34:32:     compatible: true,
2025-03-14 22:34:32:     heartbeatFrequencyMS: 10000,
2025-03-14 22:34:32:     localThresholdMS: 15,
2025-03-14 22:34:32:     setName: null,
2025-03-14 22:34:32:     maxElectionId: null,
2025-03-14 22:34:32:     maxSetVersion: null,
2025-03-14 22:34:32:     commonWireVersion: 0,
2025-03-14 22:34:32:     logicalSessionTimeoutMinutes: null
2025-03-14 22:34:32:   },
2025-03-14 22:34:32:   code: undefined
2025-03-14 22:34:32: }
2025-03-14 22:34:33: Persisted queries are enabled and are using an unbounded cache. Your server is vulnerable to denial of service attacks via memory exhaustion. Set `cache: "bounded"` or `persistedQueries: false` in your ApolloServer constructor, or see https://go.apollo.dev/s/cache-backends for other alternatives.
2025-03-14 22:35:03: ❌ MongoDB connection error: MongooseServerSelectionError: connect ECONNREFUSED 127.0.0.1:27017
2025-03-14 22:35:03:     at _handleConnectionErrors (/home/ubuntu/Sandeep/projects/NFTGen/api/node_modules/mongoose/lib/connection.js:1165:11)
2025-03-14 22:35:03:     at NativeConnection.openUri (/home/ubuntu/Sandeep/projects/NFTGen/api/node_modules/mongoose/lib/connection.js:1096:11) {
2025-03-14 22:35:03:   errorLabelSet: Set(0) {},
2025-03-14 22:35:03:   reason: TopologyDescription {
2025-03-14 22:35:03:     type: 'Unknown',
2025-03-14 22:35:03:     servers: Map(1) { 'localhost:27017' => [ServerDescription] },
2025-03-14 22:35:03:     stale: false,
2025-03-14 22:35:03:     compatible: true,
2025-03-14 22:35:03:     heartbeatFrequencyMS: 10000,
2025-03-14 22:35:03:     localThresholdMS: 15,
2025-03-14 22:35:03:     setName: null,
2025-03-14 22:35:03:     maxElectionId: null,
2025-03-14 22:35:03:     maxSetVersion: null,
2025-03-14 22:35:03:     commonWireVersion: 0,
2025-03-14 22:35:03:     logicalSessionTimeoutMinutes: null
2025-03-14 22:35:03:   },
2025-03-14 22:35:03:   code: undefined
2025-03-14 22:35:03: }
2025-03-14 22:35:03: Persisted queries are enabled and are using an unbounded cache. Your server is vulnerable to denial of service attacks via memory exhaustion. Set `cache: "bounded"` or `persistedQueries: false` in your ApolloServer constructor, or see https://go.apollo.dev/s/cache-backends for other alternatives.
2025-03-14 22:36:08: Persisted queries are enabled and are using an unbounded cache. Your server is vulnerable to denial of service attacks via memory exhaustion. Set `cache: "bounded"` or `persistedQueries: false` in your ApolloServer constructor, or see https://go.apollo.dev/s/cache-backends for other alternatives.
2025-03-14 22:44:06: Persisted queries are enabled and are using an unbounded cache. Your server is vulnerable to denial of service attacks via memory exhaustion. Set `cache: "bounded"` or `persistedQueries: false` in your ApolloServer constructor, or see https://go.apollo.dev/s/cache-backends for other alternatives.
2025-03-15 00:21:42: Persisted queries are enabled and are using an unbounded cache. Your server is vulnerable to denial of service attacks via memory exhaustion. Set `cache: "bounded"` or `persistedQueries: false` in your ApolloServer constructor, or see https://go.apollo.dev/s/cache-backends for other alternatives.
2025-03-17 11:15:10: Persisted queries are enabled and are using an unbounded cache. Your server is vulnerable to denial of service attacks via memory exhaustion. Set `cache: "bounded"` or `persistedQueries: false` in your ApolloServer constructor, or see https://go.apollo.dev/s/cache-backends for other alternatives.
2025-03-17 13:54:45: Persisted queries are enabled and are using an unbounded cache. Your server is vulnerable to denial of service attacks via memory exhaustion. Set `cache: "bounded"` or `persistedQueries: false` in your ApolloServer constructor, or see https://go.apollo.dev/s/cache-backends for other alternatives.
2025-03-17 14:33:09: Persisted queries are enabled and are using an unbounded cache. Your server is vulnerable to denial of service attacks via memory exhaustion. Set `cache: "bounded"` or `persistedQueries: false` in your ApolloServer constructor, or see https://go.apollo.dev/s/cache-backends for other alternatives.
2025-03-17 18:29:37: Persisted queries are enabled and are using an unbounded cache. Your server is vulnerable to denial of service attacks via memory exhaustion. Set `cache: "bounded"` or `persistedQueries: false` in your ApolloServer constructor, or see https://go.apollo.dev/s/cache-backends for other alternatives.
2025-03-17 18:44:04: Persisted queries are enabled and are using an unbounded cache. Your server is vulnerable to denial of service attacks via memory exhaustion. Set `cache: "bounded"` or `persistedQueries: false` in your ApolloServer constructor, or see https://go.apollo.dev/s/cache-backends for other alternatives.
2025-03-19 15:00:13: Persisted queries are enabled and are using an unbounded cache. Your server is vulnerable to denial of service attacks via memory exhaustion. Set `cache: "bounded"` or `persistedQueries: false` in your ApolloServer constructor, or see https://go.apollo.dev/s/cache-backends for other alternatives.
2025-03-19 15:20:26: Persisted queries are enabled and are using an unbounded cache. Your server is vulnerable to denial of service attacks via memory exhaustion. Set `cache: "bounded"` or `persistedQueries: false` in your ApolloServer constructor, or see https://go.apollo.dev/s/cache-backends for other alternatives.
2025-05-01 21:02:10: Persisted queries are enabled and are using an unbounded cache. Your server is vulnerable to denial of service attacks via memory exhaustion. Set `cache: "bounded"` or `persistedQueries: false` in your ApolloServer constructor, or see https://go.apollo.dev/s/cache-backends for other alternatives.
2025-05-01 21:19:29: GraphQL Error: [ValidationError: GraphQL introspection is not allowed by Apollo Server, but the query contained __schema or __type. To enable introspection, pass introspection: true to ApolloServer in production] {
2025-05-01 21:19:29:   locations: [ { line: 3, column: 13 } ],
2025-05-01 21:19:29:   path: undefined,
2025-05-01 21:19:29:   extensions: { code: 'GRAPHQL_VALIDATION_FAILED' }
2025-05-01 21:19:29: }
2025-05-01 21:25:40: Persisted queries are enabled and are using an unbounded cache. Your server is vulnerable to denial of service attacks via memory exhaustion. Set `cache: "bounded"` or `persistedQueries: false` in your ApolloServer constructor, or see https://go.apollo.dev/s/cache-backends for other alternatives.
2025-05-01 22:08:39: Persisted queries are enabled and are using an unbounded cache. Your server is vulnerable to denial of service attacks via memory exhaustion. Set `cache: "bounded"` or `persistedQueries: false` in your ApolloServer constructor, or see https://go.apollo.dev/s/cache-backends for other alternatives.
2025-05-01 22:09:04: Persisted queries are enabled and are using an unbounded cache. Your server is vulnerable to denial of service attacks via memory exhaustion. Set `cache: "bounded"` or `persistedQueries: false` in your ApolloServer constructor, or see https://go.apollo.dev/s/cache-backends for other alternatives.
2025-05-01 22:09:35: Persisted queries are enabled and are using an unbounded cache. Your server is vulnerable to denial of service attacks via memory exhaustion. Set `cache: "bounded"` or `persistedQueries: false` in your ApolloServer constructor, or see https://go.apollo.dev/s/cache-backends for other alternatives.
2025-05-01 22:10:59: Persisted queries are enabled and are using an unbounded cache. Your server is vulnerable to denial of service attacks via memory exhaustion. Set `cache: "bounded"` or `persistedQueries: false` in your ApolloServer constructor, or see https://go.apollo.dev/s/cache-backends for other alternatives.
2025-05-01 22:17:31: Persisted queries are enabled and are using an unbounded cache. Your server is vulnerable to denial of service attacks via memory exhaustion. Set `cache: "bounded"` or `persistedQueries: false` in your ApolloServer constructor, or see https://go.apollo.dev/s/cache-backends for other alternatives.
2025-05-02 07:05:33: Persisted queries are enabled and are using an unbounded cache. Your server is vulnerable to denial of service attacks via memory exhaustion. Set `cache: "bounded"` or `persistedQueries: false` in your ApolloServer constructor, or see https://go.apollo.dev/s/cache-backends for other alternatives.
2025-05-02 07:09:17: Persisted queries are enabled and are using an unbounded cache. Your server is vulnerable to denial of service attacks via memory exhaustion. Set `cache: "bounded"` or `persistedQueries: false` in your ApolloServer constructor, or see https://go.apollo.dev/s/cache-backends for other alternatives.
2025-05-02 07:12:44: Persisted queries are enabled and are using an unbounded cache. Your server is vulnerable to denial of service attacks via memory exhaustion. Set `cache: "bounded"` or `persistedQueries: false` in your ApolloServer constructor, or see https://go.apollo.dev/s/cache-backends for other alternatives.
2025-05-02 10:33:40: Persisted queries are enabled and are using an unbounded cache. Your server is vulnerable to denial of service attacks via memory exhaustion. Set `cache: "bounded"` or `persistedQueries: false` in your ApolloServer constructor, or see https://go.apollo.dev/s/cache-backends for other alternatives.
2025-05-02 11:17:17: Persisted queries are enabled and are using an unbounded cache. Your server is vulnerable to denial of service attacks via memory exhaustion. Set `cache: "bounded"` or `persistedQueries: false` in your ApolloServer constructor, or see https://go.apollo.dev/s/cache-backends for other alternatives.
2025-05-02 11:45:03: Persisted queries are enabled and are using an unbounded cache. Your server is vulnerable to denial of service attacks via memory exhaustion. Set `cache: "bounded"` or `persistedQueries: false` in your ApolloServer constructor, or see https://go.apollo.dev/s/cache-backends for other alternatives.
2025-05-02 11:47:28: Persisted queries are enabled and are using an unbounded cache. Your server is vulnerable to denial of service attacks via memory exhaustion. Set `cache: "bounded"` or `persistedQueries: false` in your ApolloServer constructor, or see https://go.apollo.dev/s/cache-backends for other alternatives.
2025-05-02 12:23:54: Persisted queries are enabled and are using an unbounded cache. Your server is vulnerable to denial of service attacks via memory exhaustion. Set `cache: "bounded"` or `persistedQueries: false` in your ApolloServer constructor, or see https://go.apollo.dev/s/cache-backends for other alternatives.
2025-05-02 12:25:56: Persisted queries are enabled and are using an unbounded cache. Your server is vulnerable to denial of service attacks via memory exhaustion. Set `cache: "bounded"` or `persistedQueries: false` in your ApolloServer constructor, or see https://go.apollo.dev/s/cache-backends for other alternatives.
2025-05-02 12:26:21: Persisted queries are enabled and are using an unbounded cache. Your server is vulnerable to denial of service attacks via memory exhaustion. Set `cache: "bounded"` or `persistedQueries: false` in your ApolloServer constructor, or see https://go.apollo.dev/s/cache-backends for other alternatives.
2025-05-02 12:36:27: Persisted queries are enabled and are using an unbounded cache. Your server is vulnerable to denial of service attacks via memory exhaustion. Set `cache: "bounded"` or `persistedQueries: false` in your ApolloServer constructor, or see https://go.apollo.dev/s/cache-backends for other alternatives.
2025-05-02 12:37:11: Persisted queries are enabled and are using an unbounded cache. Your server is vulnerable to denial of service attacks via memory exhaustion. Set `cache: "bounded"` or `persistedQueries: false` in your ApolloServer constructor, or see https://go.apollo.dev/s/cache-backends for other alternatives.
2025-05-02 12:47:55: Persisted queries are enabled and are using an unbounded cache. Your server is vulnerable to denial of service attacks via memory exhaustion. Set `cache: "bounded"` or `persistedQueries: false` in your ApolloServer constructor, or see https://go.apollo.dev/s/cache-backends for other alternatives.
2025-05-02 12:48:20: Persisted queries are enabled and are using an unbounded cache. Your server is vulnerable to denial of service attacks via memory exhaustion. Set `cache: "bounded"` or `persistedQueries: false` in your ApolloServer constructor, or see https://go.apollo.dev/s/cache-backends for other alternatives.
2025-05-02 12:48:44: Persisted queries are enabled and are using an unbounded cache. Your server is vulnerable to denial of service attacks via memory exhaustion. Set `cache: "bounded"` or `persistedQueries: false` in your ApolloServer constructor, or see https://go.apollo.dev/s/cache-backends for other alternatives.
2025-05-02 12:49:17: Persisted queries are enabled and are using an unbounded cache. Your server is vulnerable to denial of service attacks via memory exhaustion. Set `cache: "bounded"` or `persistedQueries: false` in your ApolloServer constructor, or see https://go.apollo.dev/s/cache-backends for other alternatives.
2025-05-02 12:49:45: Persisted queries are enabled and are using an unbounded cache. Your server is vulnerable to denial of service attacks via memory exhaustion. Set `cache: "bounded"` or `persistedQueries: false` in your ApolloServer constructor, or see https://go.apollo.dev/s/cache-backends for other alternatives.
2025-05-02 12:50:34: Persisted queries are enabled and are using an unbounded cache. Your server is vulnerable to denial of service attacks via memory exhaustion. Set `cache: "bounded"` or `persistedQueries: false` in your ApolloServer constructor, or see https://go.apollo.dev/s/cache-backends for other alternatives.
2025-05-02 13:02:30: Persisted queries are enabled and are using an unbounded cache. Your server is vulnerable to denial of service attacks via memory exhaustion. Set `cache: "bounded"` or `persistedQueries: false` in your ApolloServer constructor, or see https://go.apollo.dev/s/cache-backends for other alternatives.
2025-05-02 13:02:52: Persisted queries are enabled and are using an unbounded cache. Your server is vulnerable to denial of service attacks via memory exhaustion. Set `cache: "bounded"` or `persistedQueries: false` in your ApolloServer constructor, or see https://go.apollo.dev/s/cache-backends for other alternatives.
2025-05-02 13:03:21: Persisted queries are enabled and are using an unbounded cache. Your server is vulnerable to denial of service attacks via memory exhaustion. Set `cache: "bounded"` or `persistedQueries: false` in your ApolloServer constructor, or see https://go.apollo.dev/s/cache-backends for other alternatives.
2025-05-02 13:04:36: Persisted queries are enabled and are using an unbounded cache. Your server is vulnerable to denial of service attacks via memory exhaustion. Set `cache: "bounded"` or `persistedQueries: false` in your ApolloServer constructor, or see https://go.apollo.dev/s/cache-backends for other alternatives.
2025-05-02 14:40:01: Persisted queries are enabled and are using an unbounded cache. Your server is vulnerable to denial of service attacks via memory exhaustion. Set `cache: "bounded"` or `persistedQueries: false` in your ApolloServer constructor, or see https://go.apollo.dev/s/cache-backends for other alternatives.
2025-05-02 16:27:47: Persisted queries are enabled and are using an unbounded cache. Your server is vulnerable to denial of service attacks via memory exhaustion. Set `cache: "bounded"` or `persistedQueries: false` in your ApolloServer constructor, or see https://go.apollo.dev/s/cache-backends for other alternatives.
2025-05-02 19:50:31: Persisted queries are enabled and are using an unbounded cache. Your server is vulnerable to denial of service attacks via memory exhaustion. Set `cache: "bounded"` or `persistedQueries: false` in your ApolloServer constructor, or see https://go.apollo.dev/s/cache-backends for other alternatives.
2025-05-02 19:51:24: Persisted queries are enabled and are using an unbounded cache. Your server is vulnerable to denial of service attacks via memory exhaustion. Set `cache: "bounded"` or `persistedQueries: false` in your ApolloServer constructor, or see https://go.apollo.dev/s/cache-backends for other alternatives.
2025-05-02 19:51:56: Persisted queries are enabled and are using an unbounded cache. Your server is vulnerable to denial of service attacks via memory exhaustion. Set `cache: "bounded"` or `persistedQueries: false` in your ApolloServer constructor, or see https://go.apollo.dev/s/cache-backends for other alternatives.
2025-05-02 19:52:17: Persisted queries are enabled and are using an unbounded cache. Your server is vulnerable to denial of service attacks via memory exhaustion. Set `cache: "bounded"` or `persistedQueries: false` in your ApolloServer constructor, or see https://go.apollo.dev/s/cache-backends for other alternatives.
2025-05-02 19:52:34: Persisted queries are enabled and are using an unbounded cache. Your server is vulnerable to denial of service attacks via memory exhaustion. Set `cache: "bounded"` or `persistedQueries: false` in your ApolloServer constructor, or see https://go.apollo.dev/s/cache-backends for other alternatives.
2025-05-03 03:32:23: Persisted queries are enabled and are using an unbounded cache. Your server is vulnerable to denial of service attacks via memory exhaustion. Set `cache: "bounded"` or `persistedQueries: false` in your ApolloServer constructor, or see https://go.apollo.dev/s/cache-backends for other alternatives.
2025-05-03 03:32:55: Persisted queries are enabled and are using an unbounded cache. Your server is vulnerable to denial of service attacks via memory exhaustion. Set `cache: "bounded"` or `persistedQueries: false` in your ApolloServer constructor, or see https://go.apollo.dev/s/cache-backends for other alternatives.
2025-05-03 03:33:07: Persisted queries are enabled and are using an unbounded cache. Your server is vulnerable to denial of service attacks via memory exhaustion. Set `cache: "bounded"` or `persistedQueries: false` in your ApolloServer constructor, or see https://go.apollo.dev/s/cache-backends for other alternatives.
2025-05-03 03:33:38: Persisted queries are enabled and are using an unbounded cache. Your server is vulnerable to denial of service attacks via memory exhaustion. Set `cache: "bounded"` or `persistedQueries: false` in your ApolloServer constructor, or see https://go.apollo.dev/s/cache-backends for other alternatives.
2025-05-03 03:33:52: Persisted queries are enabled and are using an unbounded cache. Your server is vulnerable to denial of service attacks via memory exhaustion. Set `cache: "bounded"` or `persistedQueries: false` in your ApolloServer constructor, or see https://go.apollo.dev/s/cache-backends for other alternatives.
2025-05-03 03:36:14: Persisted queries are enabled and are using an unbounded cache. Your server is vulnerable to denial of service attacks via memory exhaustion. Set `cache: "bounded"` or `persistedQueries: false` in your ApolloServer constructor, or see https://go.apollo.dev/s/cache-backends for other alternatives.
2025-05-03 03:36:51: Persisted queries are enabled and are using an unbounded cache. Your server is vulnerable to denial of service attacks via memory exhaustion. Set `cache: "bounded"` or `persistedQueries: false` in your ApolloServer constructor, or see https://go.apollo.dev/s/cache-backends for other alternatives.
2025-05-03 03:37:25: Persisted queries are enabled and are using an unbounded cache. Your server is vulnerable to denial of service attacks via memory exhaustion. Set `cache: "bounded"` or `persistedQueries: false` in your ApolloServer constructor, or see https://go.apollo.dev/s/cache-backends for other alternatives.
2025-05-03 03:37:46: Persisted queries are enabled and are using an unbounded cache. Your server is vulnerable to denial of service attacks via memory exhaustion. Set `cache: "bounded"` or `persistedQueries: false` in your ApolloServer constructor, or see https://go.apollo.dev/s/cache-backends for other alternatives.
2025-05-03 03:37:59: Persisted queries are enabled and are using an unbounded cache. Your server is vulnerable to denial of service attacks via memory exhaustion. Set `cache: "bounded"` or `persistedQueries: false` in your ApolloServer constructor, or see https://go.apollo.dev/s/cache-backends for other alternatives.
2025-05-03 04:25:09: Persisted queries are enabled and are using an unbounded cache. Your server is vulnerable to denial of service attacks via memory exhaustion. Set `cache: "bounded"` or `persistedQueries: false` in your ApolloServer constructor, or see https://go.apollo.dev/s/cache-backends for other alternatives.
2025-05-03 04:32:00: Persisted queries are enabled and are using an unbounded cache. Your server is vulnerable to denial of service attacks via memory exhaustion. Set `cache: "bounded"` or `persistedQueries: false` in your ApolloServer constructor, or see https://go.apollo.dev/s/cache-backends for other alternatives.
2025-05-03 04:33:42: Persisted queries are enabled and are using an unbounded cache. Your server is vulnerable to denial of service attacks via memory exhaustion. Set `cache: "bounded"` or `persistedQueries: false` in your ApolloServer constructor, or see https://go.apollo.dev/s/cache-backends for other alternatives.
2025-05-04 17:13:37: Persisted queries are enabled and are using an unbounded cache. Your server is vulnerable to denial of service attacks via memory exhaustion. Set `cache: "bounded"` or `persistedQueries: false` in your ApolloServer constructor, or see https://go.apollo.dev/s/cache-backends for other alternatives.
2025-05-04 17:15:01: Persisted queries are enabled and are using an unbounded cache. Your server is vulnerable to denial of service attacks via memory exhaustion. Set `cache: "bounded"` or `persistedQueries: false` in your ApolloServer constructor, or see https://go.apollo.dev/s/cache-backends for other alternatives.
2025-05-04 18:46:38: Persisted queries are enabled and are using an unbounded cache. Your server is vulnerable to denial of service attacks via memory exhaustion. Set `cache: "bounded"` or `persistedQueries: false` in your ApolloServer constructor, or see https://go.apollo.dev/s/cache-backends for other alternatives.
